path,revenue_y7,revenue_y7_ex_b2b,net_profit_y7,cum_profit_y7,peak_funding,peak_funding_month,breakeven_month,breakeven_year,paying_y7,holders_y7,ics_cost_y7,tiered_share_y7,gold_y7,b2b_partners_y7,any_margin_call,total_called_share,draw_float_buffer_days,draw_persistency,draw_agent_productivity,draw_cac_uae,draw_cac_gulf,draw_cac_india,draw_cac_uae_y7,draw_cac_gulf_y7,draw_cac_india_y7,draw_referral_rate,draw_referral_conversion,draw_organic_share,draw_seasonality_amplitude,draw_self_custody_rate,draw_redemption_rate,draw_holder_redemption_mult,draw_spot_attach_mult,draw_spot_ticket_mult,draw_spot_frequency,draw_pm_share,draw_facility_takeup,draw_txn_per_draw,draw_foreign_spend_mean,draw_reissue_rate,draw_replacement_rate,draw_atm_share_1,draw_atm_share_2,draw_atm_share_3,draw_atm_share_4,draw_atm_mid_1,draw_atm_mid_2,draw_atm_mid_3,draw_atm_mid_4,draw_drawn_pct,draw_facility_turnover,draw_draws_per_year,draw_family_attach,draw_family_cancel,draw_beneficiaries,draw_b2b_fee,draw_partner_users,draw_partner_adopt,draw_partner_aum_user,draw_ticket_uae,draw_ticket_gulf,draw_ticket_india,draw_vault_fee,draw_vault_min_daily,draw_vara_supervision_aed,draw_vara_application_aed,draw_kyc_per_check,draw_capital_activities_aed,draw_insurance,draw_audit,draw_tech_audit,draw_launch_audit,draw_agent_commission,draw_referral_reward,draw_card_platform_fee,draw_card_setup,draw_card_per_card,draw_card_per_auth,draw_card_fraud,draw_xborder_fee,draw_uae_spend_abroad,draw_prefund_days,draw_prefund_min,draw_tech_build_y1,draw_tech_build_y2,draw_tech_maint,draw_contingency,draw_kyc_monthly_min,draw_ceiling_mult,draw_cac_conv_coef,draw_monthly_churn,draw_partner_aum,draw_family_churn_monthly
0,3387816.7662134534,3056598.6425565113,-367125.39223139535,-2259884.5873841713,4050857.119074597,84,999,99,98050.0,82990.0,308168.67899444595,0.5383340698188246,226.90889824243771,3.0,False,0.0,11.506553767683393,0.6404614504504069,5.6243495057062765,70.24619160676237,61.77493199096861,18.76499748588749,53.68659755010306,58.51972592845391,12.883468536036586,0.7137691756479494,0.5929778111219871,0.33593202670534095,1.19140914830274,0.04995512466382876,0.07994715765520632,2.115803708111015,1.0992373108702629,1.0929591928693259,1.3665573189743263,0.6102476550096332,0.17515059022288437,3.6965803519712415,0.2810114895254622,0.08904872256009447,0.1098294152204213,0.5644434196488977,0.28181281917392675,0.07945115935795506,0.02995984388630804,244.36805475971337,1011.809048494219,2242.215669474132,3977.027897440635,0.44161223722367343,0.430422265377693,2.20195658617141,0.09759148218430891,0.33623073113984814,2.659659097593009,0.008025768686867607,772363.4567966552,0.04452638052343565,400.0065364399205,35.96170115643447,26.55225885637301,32.959079019063616,0.0021098257901593083,20.905584758502954,277156.41518148244,160799.2475742442,1.5446171372451765,262276.8730871563,28714.563621102963,18372.466119852423,15210.112850393949,43918.40559418257,0.07583255847676085,0.2637930080062442,28754.572500632654,38301.08084880446,5.188550185828623,0.027500729174899412,0.0015276013438163926,0.013365031854729686,0.16263533354240858,1.7541937853709553,85714.59075207883,275027.7526906386,124575.40231849301,106829.59892791012,0.1471494042899106,285.3637424070606,1.1394892980071198,0.4252267891647765,0.036449643972108925,13756444.463648157,0.06880097765061943
1,4596687.118076467,3406687.2073993576,716614.8750036374,-642323.3587267996,3641211.568562614,49,999,99,93920.0,76940.0,315553.2883191111,0.5308439658199696,279.78842223652475,9.0,False,0.0,9.266935892302556,0.6409858724386729,4.051319801306459,76.60282369627151,84.08033044898741,14.27061836712505,55.204950548980335,48.85517037854278,11.23632808788134,0.6917615200661268,0.5846650266795215,0.26530696315631985,1.0596477589213178,0.09291369146932278,0.05295035388153077,1.7784398582530736,1.1832349678622656,0.8821469662292657,1.7195963855058687,0.6691417676943385,0.18567552444016555,3.2199657418843923,0.3445413683251314,0.050077372347243715,0.08483794864430048,0.6716666144822593,0.23707332043691282,0.1307592793802957,0.03300133680541375,251.70246444785323,987.0383647802854,2199.3377648235814,4199.067865359396,0.3875607620382677,0.3645782154081684,2.6993868103360152,0.15660965406740468,0.26243423057911,3.0374348576797834,0.007734197998033885,777253.777833041,0.060775794191475906,361.9058881497533,32.3460273457599,24.84370775817726,31.99742813750632,0.0021834504562224,19.623122122371754,542028.3859293594,113171.75686611814,1.7675951612272465,1026963.858721511,59612.34611794012,26234.35042195957,16273.531646855408,38997.2147868507,0.12117447460912947,0.3077727359776311,48297.80136901607,38370.06561858991,3.9946095422379804,0.028238229530513248,0.0005144244985741565,0.013476622417373185,0.12078874375161158,2.19677011224693,76521.35806056784,494378.48274826363,114671.10300024645,157214.23641309864,0.1487677639983199,254.25864024794538,1.2700234156936467,0.4372740928155634,0.03638392085759945,17095788.38440248,0.060520226943769684
2,5587227.624104612,3630364.8773796456,1395333.20848518,1309784.0174935253,3210509.2126896316,49,74,7,106730.0,103130.0,330657.83156921424,0.5235871533403221,163.8271545526432,12.0,False,0.0,16.335345457564344,0.5737363111079531,7.282358537788638,70.1946444054008,70.0376624568295,15.600093040623477,48.72021678003108,53.12303695333861,7.240888440745519,0.8354744562349309,0.5882611922000158,0.3228547110341814,0.6572757729456379,0.1066347581811556,0.08466540608528073,1.3496451186278975,1.0443862722554784,0.8709687022002366,1.695345142656,0.48991875742682484,0.2029515614429502,3.622810969654528,0.3481290955324289,0.09024835285241642,0.08802079635814294,0.6879193835937021,0.2652075223409292,0.12622824212118924,0.03525901350690439,215.50530781145127,968.5365929695333,2251.050179373805,3876.8671402478367,0.575232147809742,0.3878359617334464,1.527936025927005,0.1046064071904802,0.2859047669484124,1.9555187290512557,0.006304569851103518,1074093.0977918794,0.06165969969447186,390.55331431865204,30.746667788791193,28.652507395030934,30.117121632451102,0.0011856289187543326,19.01768502663984,380222.618884688,140223.573673996,1.7967431553119333,924401.4982461734,36485.5745371602,30287.559619765696,20699.83988362807,60813.69156973609,0.0918512205084171,0.2953025470584365,45382.83637061952,55455.0131737441,6.660780403517275,0.03218452570051619,0.0009665414949293989,0.012888043392706328,0.12242155666823085,1.4696765924699617,115344.18816920668,324152.80482701823,138519.91104445248,140294.05701917812,0.2311694562512537,228.71787398666797,1.2983516138944347,0.5090512327626167,0.045243343937908964,25865665.60633325,0.071662902187978
3,7882036.3625466,3335221.5292845415,3985624.4823054313,7061310.054395662,2785421.660477416,37,63,6,95930.0,85990.0,334367.91253654845,0.5493073878627969,442.8894574324892,15.0,False,0.0,8.736337132423275,0.6594792619581697,7.726368557690098,98.04515343907302,86.90689252364771,11.007208338878996,77.12777357909414,56.42371505157694,7.314503150058847,0.6823530429656867,0.5842925375386923,0.24547178437181794,0.7271481544601621,0.06277147045184,0.07233067182748196,1.8328187358264953,0.6496270802528182,0.8356054966343778,2.089001041700881,0.5826155862213596,0.17591221507529062,4.805905702184443,0.33997832703988184,0.06227681042414101,0.08899474419285028,0.5472191442215486,0.24595008175534638,0.11517007794609857,0.05552353992010131,287.31772583353984,942.3382956037499,2258.696863293258,3940.4247811820924,0.4415022978353503,0.38444705833794046,2.793467228960072,0.13240247713933262,0.26360105877127626,2.528636164365535,0.008097961435569491,917466.6887222748,0.08622428838227983,473.1734641985272,33.6587983147798,29.180460683860982,27.273366611125436,0.0012419126547992905,21.22332549114213,431253.6531303036,158266.53700847912,1.7646304095369683,398620.7803257491,46477.58270968093,45811.351670055694,13357.323792667834,41991.130355988,0.13235981107967082,0.2528520946771158,35343.74341137509,73865.48778523042,5.413120914999384,0.03276212772595045,0.0012779464238020732,0.01392060791793645,0.1552798066934277,1.4547729642843592,82845.09552054142,375347.59082269465,147358.48058107798,131733.254872024,0.15356247253091826,287.71961019113814,1.107282755858539,0.1973217158088285,0.03409719203238126,37431764.9319381,0.05841501395709714
4,3526779.4418569757,2357949.235560222,383384.06004355085,-953753.8559181388,3122394.1945018084,62,999,99,68070.0,67650.0,232761.24875606416,0.5291777188328912,292.9308734725339,11.0,False,0.0,14.783045778730555,0.5636774076825747,4.933501377985739,101.65906508713016,78.36065606504566,19.04562271346052,74.47252366466648,48.60218965720152,9.355416194307484,0.5105553063656846,0.711745697574762,0.2852139392642524,0.9476851965200672,0.11156296211957077,0.09056070707638861,1.514405739412393,0.7201391680175001,1.125842535485976,1.8231135992174736,0.5970992797044274,0.15212569370127527,4.196442507047902,0.3208479787667116,0.06582439687310095,0.1350845168490048,0.5868727331753528,0.2198485051266152,0.08451254114907332,0.022021609199695775,221.07313148777754,1025.2548325410428,2299.957584738505,3747.3348764152884,0.47382941818415397,0.4085450466077524,1.5621804470016174,0.1769395521534211,0.2449084696954545,2.1212868145938732,0.006935478248595167,1177404.650692842,0.03362040894157695,387.03798398552647,32.12237125821614,26.24376112998769,29.477741634145854,0.0009513611400934754,31.79305282089577,334103.41636086453,134075.94026837352,1.8408698563657606,981521.3930027527,68496.47184001718,37293.406010378836,11780.129354895551,33983.21058923505,0.12937493517524512,0.26981855273102334,25867.613619955173,46609.810632797344,3.6064157094979343,0.026559142771202544,0.0006630036867543035,0.013638047835008493,0.09756442784212413,1.967254698503532,141215.2348061055,416320.4489131825,197096.3215404875,127018.16366158158,0.10219645890412149,291.95643770635,0.7807523569306895,0.38818885248847756,0.046649601631210014,15320831.191857066,0.06870804288564647
5,4152680.565449385,3373673.6877972144,388923.1502963989,-333080.09194014454,2514441.567571207,37,999,99,90490.0,82500.0,288011.1580156017,0.5270824903173594,195.1307333392327,4.0,False,0.0,13.342798392370122,0.6006730750536188,5.58434085826351,93.28556285556184,92.68590812420706,17.990670414958302,57.448928428510854,52.25416881119731,8.545969323237905,0.5863670689873656,0.6448402504590325,0.3373074142856869,0.8973092202054819,0.08794758821550328,0.05489485899419088,1.7382196415669582,0.6688280694448748,0.8296710504471156,1.6709144102590563,0.7046955308247809,0.22555223857166612,3.8377561807120686,0.32040522566067065,0.0531827973766075,0.09896437137945842,0.58723813788508,0.24158103459952154,0.1610450208292365,0.0300089676293444,247.454553418957,948.434886020015,2263.8862225628704,3907.329623724492,0.409661636018806,0.4163964197925243,2.341608312512798,0.1701798871642286,0.29630648266098136,1.9539005561840979,0.008523431809922669,885673.9871258052,0.08211713136374812,314.16597697178025,28.661603463683853,29.099686816677288,30.44640420369629,0.001871607024719985,21.016125685607328,463021.01110975957,176789.5653865339,1.7724912440695544,200282.35832356682,46517.32357963995,18185.342905893598,17278.516489633963,48253.004434327275,0.09554892298512555,0.3547257846691582,48885.56267237788,83169.48429801252,5.129158795034097,0.02687004186881031,0.0007743051011875164,0.013526475897033229,0.12360840983078238,2.295379139837844,55075.89336350409,333774.24600432394,144427.10150365697,163630.40853783887,0.15938799714024837,274.64907872978483,1.1180128531381044,0.391044046635893,0.041585930688298633,22848979.584293716,0.06924550355911396
6,4144137.582806057,3595826.740677583,272345.2897387732,-2208661.940868147,4001294.575923033,73,999,99,101570.0,94030.0,381587.57774948556,0.519120654396728,306.8862015314253,6.0,False,0.0,7.359429150358389,0.5830779421710939,7.527418170017123,84.08567582693848,59.070992992492535,21.233194973584595,66.7747204456719,55.64116675115537,7.1620928274983635,0.763505046294076,0.6623016285974561,0.21951163538225527,0.8237936096920371,0.06204337332469269,0.07402023046770162,1.4638491736172776,1.0651730299394309,1.036857519558151,1.756914249772663,0.6372252069537809,0.15962183945356812,4.638674647849195,0.3202691896633823,0.06575309292187018,0.10739413227342245,0.5550354425812202,0.2616325099921331,0.08956327715039014,0.029797491436030464,259.23880006472655,993.5247139020846,2269.8112632623183,3892.817713533502,0.5031360405517807,0.4024003514826477,2.8498971453222444,0.13331130178555223,0.20720321261842312,2.711100327639515,0.006298044412810018,603827.9327299185,0.0647804450624416,370.9477468567543,35.13466094256139,25.088708085682683,30.023961852011823,0.0008076812471509058,53.60483036856284,379572.7994315831,160813.2788939647,1.8475922502766366,827104.7988963034,59576.469872736074,39704.22590314582,9268.14753781346,40313.28579414678,0.09283357362701782,0.32895502212096084,41219.74684659578,49070.06856223737,4.739838785528577,0.03144074597287384,0.000669426704054693,0.01299547645422159,0.07767940574638002,2.4018937053832636,128061.41484553338,335906.9718295446,197318.55960290483,146350.83343833132,0.1060770455453312,254.71224780695695,1.2450909001325468,0.3422046286607018,0.043957458555458406,14510081.91826517,0.06227813817305661
7,3682206.6151761985,2934114.0241170162,83927.6682227857,-2206895.456185419,3913314.7209775466,77,999,99,77130.0,69170.0,282213.186297333,0.5501708817498291,150.3986981666848,6.0,False,0.0,11.09711065495847,0.6529697587260426,5.571010302563012,99.74167037949951,82.15412952705927,15.60203665467414,58.77291150930794,40.06054004452391,16.092580529944357,0.5300519932900545,0.7115574084785261,0.3195884037571,0.8629447499378284,0.07483441308312666,0.08942033097740995,1.450215513757128,0.8532491692800759,1.1706141732364965,2.05439874710028,0.674963746980473,0.187558661800212,4.425476594058932,0.2926303475561743,0.04663869866855233,0.13149628732088148,0.5198547581078488,0.27055228265963216,0.11068588494204072,0.025802006524932714,238.01596643550926,992.8312468128197,2211.5016881947013,3924.169092249718,0.5590830694086382,0.44383939488046237,1.8183080416811064,0.19940011431643145,0.26696959115236535,1.9606674489186713,0.007733648434250669,849878.8666061137,0.06519836466802502,290.9550804708189,34.43113176513595,29.158112919930552,29.85459080272514,0.0007546396026312731,36.41668397478416,310952.4140617171,164412.7385804612,1.7778919916311509,461308.91835675517,41921.67927001126,26085.54570755522,10484.267496073113,36521.82947629136,0.11215034609274109,0.3010162270880673,36207.420385106496,76062.86647232002,5.975548653138725,0.030717890722299634,0.0007086628680605673,0.012980834112707342,0.08471261452929593,1.9109292680945003,194130.32048229748,439352.1013362332,103543.6586514066,134298.2375562586,0.19067971580957035,271.9974872729788,0.8055946684010854,0.4177922642841938,0.034895318388431074,16122028.247065565,0.05955243076035577
8,3773771.8569387733,3673943.2208813317,-136539.91593975556,-2800370.309177099,4366521.824789649,83,999,99,92130.0,80220.0,361598.9971968945,0.5560197272991007,124.77260554747296,1.0,False,0.0,8.934644461707995,0.6753143841692304,7.019319729973864,65.89888637536026,98.3899104829774,18.189761023063653,64.55138734814211,58.34206354912018,7.9512836292720435,0.6144062332188096,0.6274191683501825,0.3327301757053984,0.8888166074260873,0.07884425201070526,0.09244249317088363,2.07438975571545,0.9764927852785312,1.0826378503588154,1.5689987788489272,0.5711804604324628,0.1912398094927089,4.428173564064892,0.3256418919616383,0.04816770514746201,0.08041986467440534,0.5787578551049344,0.28300992491749344,0.15380840785022803,0.03327393520450874,254.31763078732283,1011.6549109861651,2282.822885015264,3921.3601084712373,0.6268363684224018,0.34634091514405735,1.9807912015702913,0.19058377223580006,0.2761604857763591,2.5665634087446145,0.006784328616765606,655465.1338064113,0.051441844484842444,436.3973796251853,30.193479736409007,25.58970867008354,33.35202572604526,0.0013495456010931752,23.663343546973834,342605.94760780426,152872.662994619,1.814515048409516,744428.7920759585,38116.69569123775,23591.848937625677,8737.455257893389,51512.49604396598,0.1292176836401795,0.2645478540020778,44077.714149412626,48383.34500133078,3.001732746219421,0.02722493964767576,0.0011625866621174314,0.011970912752958193,0.09336236703872358,2.4416715177860544,114477.32512720634,489441.98175042664,178103.29850490694,110379.37416603886,0.18965668269936065,290.8975875666615,0.9299184868037688,0.30067897602926186,0.032185406009520356,14714593.248142874,0.05790284856766881
9,4607280.081973138,2922962.809986944,678931.2537594133,-241248.09772579616,3114143.7366069034,61,999,99,88570.0,73570.0,282184.003288844,0.5383002343653632,165.62640200352487,9.0,False,0.0,15.174175850054349,0.6697314126726246,4.941447099116558,106.83242088814063,64.05951023831832,11.79099329573089,48.490262587075826,51.29896754840981,12.692710319215674,0.737889988647755,0.6299998269954588,0.30742172226642384,1.011857169346812,0.04131320891074178,0.04424411200925972,2.075903592291745,1.0979344117567758,0.8783087707466082,1.7611182846933666,0.5090963654552215,0.11985669133011062,5.029126735140826,0.3271839944319853,0.07317481247839813,0.14287513846878924,0.661239027380246,0.20758957280380277,0.11488379000577997,0.039312861489769854,260.1211694537289,988.5951983761215,2345.12441945663,3825.9798186196417,0.4859436284584704,0.35422098956998527,1.6866323523283002,0.18169349400763668,0.2870400713450311,2.118664221628931,0.0065014409117360745,783386.4970399849,0.08289858281123463,443.2498377242016,34.672196829925724,24.439979877299244,28.914732067388428,0.001086195939827342,31.266091005935785,289083.4557057427,157197.48945085693,1.723185316194601,535090.7397434383,52340.782780199006,36538.68066743323,11515.5106416995,35789.574389982394,0.11691014138918628,0.29486571187467836,48829.25725859044,37815.500159479096,4.9887354501387815,0.04145027442812442,0.0008987470490874527,0.013322483075260502,0.122663478806653,2.3848006128451646,118494.27197008356,307899.2969078382,205345.97403451393,149118.59861727717,0.2599200907703847,278.07178597250885,0.8908242326494925,0.3616615986969063,0.032854707105120395,28785367.135490585,0.05974175751215505
10,5557698.336322518,3282701.7085988033,1695920.064821111,1916241.2294844543,2723889.420973925,37,71,6,82240.0,76370.0,316167.08861179877,0.5412016896790871,190.91998768602548,17.0,False,0.0,8.88831130962827,0.6298141686334595,6.732777010538226,95.5521647881657,81.80008575125552,23.068243874307502,40.65892182757618,42.82386106933261,12.382288409818393,0.8453699700122564,0.6335160256334768,0.15261415899428452,0.9974022586630472,0.06454618315945607,0.08155044770548177,1.6689113090113985,0.9421690518259425,1.1284481675568927,1.662326097737946,0.595202980788133,0.15333006574516644,5.484093711918103,0.3276922925834801,0.05892919393067934,0.09723249865519218,0.5765632278519885,0.26993350935958726,0.10732125006561552,0.04454040071012798,248.90164956050415,1011.0555069068455,2342.127742127076,4046.0102766578507,0.42671203030444904,0.46957381205269105,1.802490397443656,0.21160202026322622,0.2209273748416321,2.260023046677118,0.007192591562398054,810728.4109502956,0.055755572147823056,411.60701449068506,35.593396358516834,27.690306176885237,32.13807605927678,0.0025594113993238723,22.717333647372506,457775.37405376695,188518.44303280243,1.7038881675484059,559554.9857594093,52835.50909286404,26593.673674333666,24452.128744549427,56413.556695075284,0.11199042514130805,0.24440576729919797,40269.77319374216,48898.97507630006,5.156101516689377,0.022095480242325233,0.0010838126306598685,0.013147712681074893,0.1405465011003979,2.235193144515463,69740.60566903456,321822.0582686276,128968.61239166415,112168.29827543581,0.17158444888970942,207.354042925384,0.7783042114764058,0.35516816807181417,0.0377947942378003,18605718.103358284,0.057605959818471386
11,3999068.25914675,3190569.754170271,330259.8403907171,-1541831.8788734584,3923961.7444315283,75,999,99,92320.0,82420.0,282255.5552828587,0.5266681927435046,239.00014916253394,5.0,False,0.0,15.740746158573408,0.6230601295913356,6.239953710655769,84.35691912608343,74.91014747185966,15.52694106776385,54.94983976627718,48.34545840574647,12.380226474460965,0.4255455056532922,0.6954884091413847,0.3044247548469663,0.9000778429284293,0.049988644003579705,0.04315129348875193,1.6717109407669701,0.8494242743304002,0.8607711554668034,1.3931320565112177,0.47877001607972475,0.197260087764145,5.236504096173534,0.29129369793413923,0.0789243685921042,0.08906893804380378,0.6867649079948867,0.2525143868793759,0.13429252422769672,0.0426808386169609,231.12894756002567,1060.4214585192778,2312.829450717818,4111.453157607981,0.3551394527145882,0.34085036946589264,2.0650406818956974,0.11052802019286337,0.26459478272298564,2.3903620648309745,0.006269756650965769,1141990.9079028156,0.07173360752795055,314.8279006918997,35.52556035266904,26.937070214324986,31.3376543202192,0.0003281367826243813,17.16930886448648,303682.7128019896,123767.0525062946,1.844556726858035,928874.1759746178,65187.28154276946,35264.214784297015,24120.96196882781,49185.13625892047,0.09743635405285402,0.3626506962328547,24678.034023993598,32124.567419040588,5.603524308380648,0.03619682837705829,0.0013076887123426766,0.013874119463458732,0.13630929443080747,1.4901160313766206,84978.84093382931,320179.8491254194,155428.7249750476,105019.54488927661,0.1855732673534008,223.96429961979902,1.1184863135266492,0.3063010363127959,0.038658929320901314,25790426.9650383,0.06296735305465961
12,5384285.539256871,4017612.6340034003,1443926.732255003,872349.2621608952,2725122.2623379687,52,78,7,108820.0,98390.0,382325.45603531296,0.5313932725254573,155.18200842528717,9.0,True,0.0005151705799659119,8.335040670685432,0.6231953249079903,7.616529575416176,68.82258981209293,74.73241000236253,16.74329400852479,61.356375883820206,53.92221392068169,10.496741748837414,0.8045435929994582,0.6340211790752898,0.3091572553475131,0.8607519046407199,0.04529343407114904,0.05853881264633384,1.8029383615602625,0.7169363761593754,1.0436734504768794,2.1499530616352733,0.7635568368479013,0.15791524432522389,4.326953914599041,0.30041050836866573,0.05372174697459116,0.11336917949970804,0.5579303950235137,0.23976211666631342,0.10308140751868215,0.03661557943043862,223.07842667145604,931.7247733495687,2232.5289794316686,3780.7093085498855,0.45121872280175485,0.4099734513485949,1.6667827019989987,0.21882763110983028,0.2759480577355364,2.51529636063367,0.008011410892528607,1076562.2103771768,0.06197367539944438,284.0970239194532,34.125377424880924,23.78420931103904,31.568443866277182,0.002153369361958168,27.53804148821426,430480.3844416014,147323.26133987246,1.7809000943546427,597770.7332164985,59609.907048449335,15844.960093062984,16762.82889954981,39332.69660443444,0.09300482308731695,0.2206847728087228,25635.491410718118,75230.16040472036,4.811728666525104,0.040355681872937824,0.0011885108322102003,0.013654010022837563,0.15760826933391814,1.6237836544111102,113465.45411339164,455947.55651879776,123701.26511754483,131822.48156915116,0.12099719090151484,279.92375839397175,1.2732517466654651,0.36048236751700685,0.03864154792109242,18954532.112412322,0.06416455007948496
13,4200900.865666329,3177445.203400175,204723.48921836418,-450765.2596037261,2476175.8772968613,37,999,99,80190.0,76730.0,312024.6140033369,0.550216670915116,263.5197376666754,8.0,False,0.0,7.615009021821249,0.5951075471295956,7.199403232812148,97.50029911438192,96.86727833925752,13.668606146255168,43.43122225417268,50.07480256728896,10.500774970118178,0.7528820135130521,0.601221531409294,0.19165471863101852,0.7595185826953703,0.06354692199819584,0.06542210358896239,1.3695228462108002,1.2843481524567806,1.105153100972133,1.6981829132227697,0.6728268207146728,0.22545378016760964,3.6881168636608024,0.36647419127879743,0.06242863938736913,0.09394002417759525,0.5138645301166541,0.21396668529657736,0.13968982862055335,0.02125483509183506,258.39107234724713,1020.3899714175237,2304.9016701391456,4206.665866530758,0.36719372145288226,0.43035020016126146,2.1181425203869275,0.14471858351184005,0.1988007210341776,1.876182451831486,0.007622540652700438,715908.8257820304,0.06246151472419492,375.3263613379312,37.46612227996998,29.69523688347514,29.02976811527183,0.0017016235228074646,25.20800448549101,439624.48845314,158452.50153165925,1.7654293349819645,626753.5894927674,38774.48356945985,31197.456209505297,12872.933331328655,52625.2588160808,0.1180701396986936,0.2799442412971404,41704.53642137797,68491.70318096047,3.88165006082437,0.025022648333772005,0.0009656037386450394,0.013555289263731618,0.09074683224199162,1.4274118804806304,64331.061393697026,244135.15014367393,172158.68035288225,99465.22150476553,0.23142858856112256,285.4575415408752,0.8249244791536002,0.48415307657996765,0.042329106362125724,16783374.941784896,0.05985537526543461
14,3509846.9596021995,2519312.420585286,-8736.907070832036,-2969078.2366667753,4917642.353282593,84,999,99,71640.0,68420.0,259571.0991661288,0.5387690989575896,344.7776653359901,12.0,False,0.0,15.807764857551573,0.6234307159767821,6.118690654359892,72.64532320881453,70.71510500168667,20.176406179103928,84.58316710285825,36.93832630656897,10.168702632283175,0.312916497356123,0.6933195446976144,0.26616144433523703,0.7780948905609969,0.10256931718441689,0.045286661309330414,1.7581409089023663,1.3374817893323643,0.9135272290776626,2.023896165530478,0.7908115855533935,0.19039201845626624,4.36560101422494,0.348961940047321,0.0633567269519054,0.09662236389352251,0.546073727130426,0.24194044053933184,0.07146943720224332,0.034946026837161664,215.00113320146863,980.5162740504281,2233.5200171086876,3930.4332164562747,0.5577578122000935,0.4079416750577105,1.4307240205279872,0.1697121920992294,0.335112865801136,2.6884972169871375,0.00829596628061455,608823.0445638875,0.0538470314912436,303.506887181412,35.329514813115416,27.151016365631722,29.054550584209828,0.0023012262750389248,43.0012976604953,338914.14293340826,142337.29468950542,1.816836402742413,903332.1492868776,58106.01198948428,26914.18347740714,19639.238421595226,53927.83501824586,0.10194456414357089,0.26275114082236384,36211.69474607218,62514.80346828855,5.564855335370362,0.03653662311904292,0.0005414274878134102,0.013639244306786383,0.08613452894525217,2.4946518056652405,99932.9289317872,439824.86288883875,189228.5013530663,138679.1459951333,0.13502293088769035,250.66337957342418,0.7944407966193509,0.27746940742220716,0.038611293090636156,9949961.478382645,0.07075975546673907
15,4182679.5405111597,3174264.3012445224,491156.9336342822,-799061.2787517805,3131130.7527691303,73,999,99,105570.0,72560.0,304157.60468859697,0.5445461180037051,265.1539884315279,11.0,False,0.0,13.170462005374084,0.7167415386915913,3.988229904780499,96.52537694226217,91.59853694129424,13.812911851779496,58.87311841954508,49.13644833516106,9.702758580183158,0.5526281043529504,0.638211696374333,0.2729613651773507,0.9473880643599764,0.05930639984475894,0.08333034900813802,1.5165512649020176,0.9748006972037655,0.757032772255837,1.5406741612098531,0.6906670296982234,0.12034910342160016,2.8093945302933023,0.31493180773771406,0.07476118477244423,0.1008628708124278,0.6076454295244145,0.28008073440822817,0.11897297149164746,0.036641930414514884,265.73146408464726,1013.3699699517352,2152.0905411017634,3958.6859145229437,0.44127478171378853,0.4712159228864939,2.2638026227947488,0.16170471671102443,0.26634956801518345,2.971261196941374,0.006011900138227951,760709.0239292227,0.06236843845131441,321.4041782507691,28.267116770083405,24.55123707548829,32.40265003192929,0.0006915804560056736,23.016937349804287,223543.72577576598,123536.03437877583,1.7755548638650849,913498.8700166821,27093.92011547209,32790.493360159606,18291.006886899573,22484.92395094722,0.1095829715312413,0.3559595648269793,51666.00264674302,52579.2913933811,4.288683035758344,0.03295647879555967,0.0011070974473132208,0.013725748677052747,0.15098370642312683,1.922674867576919,93449.96699585824,385680.7012500077,260293.3714141806,93734.0309405841,0.20424741719794626,295.60179707702184,1.364707669003121,0.2076883737100806,0.027371746146675036,15248775.021673089,0.05215429602328492
16,5678239.573363181,3408356.3493008125,1829028.7937911078,3542179.84686077,2475962.3571067476,25,58,5,80760.0,70930.0,321059.7735533017,0.5450590019117938,258.9814761636281,9.0,False,0.0,10.5065144738897,0.6560910502529055,5.798140852103083,84.0325230997166,87.98963552042807,21.088184168840925,61.42825410553948,49.57418830926778,13.155261327229537,0.8328388872418547,0.6287495236673284,0.272055370205232,1.0777926209840074,0.07040340089706394,0.06184386591556097,1.611584768407513,0.9115887950722383,1.0365358852073727,1.49490630944979,0.6154589380042546,0.2712507636625393,4.548929236766499,0.36112266212063143,0.05691715883722537,0.11613046920956464,0.720686936633864,0.2820771835131904,0.1526059459030285,0.02653834931558698,228.8219744922728,1057.6847664749905,2257.4923048729847,4083.048239945013,0.4889135870676957,0.4505128784605036,1.925108975638686,0.14495617318553478,0.23710896052200053,2.2391833887817727,0.008218236836841811,1320567.3119353638,0.0749508912325324,310.0594758893802,33.79626101682758,25.901335184090794,32.2134447939096,0.001790839574827733,16.283877922455908,535813.2147073563,167030.7808641658,1.815487111850767,335868.09751436894,61743.871323093874,25781.790669683687,11312.897451823745,44345.04515676925,0.10033917413824261,0.3473927067043039,45269.59300584122,86920.53389193134,3.8469039431813736,0.02983307655411642,0.001099925006189132,0.01262288342538855,0.1023659597243246,1.8535040805352243,96230.02547430719,249991.05803109758,206468.06906264866,106483.46169021263,0.16677146734956616,275.60840012533333,0.7970272809359752,0.43940124138456316,0.034511712907432046,30688972.84480822,0.05604298349577874
17,4643352.808753029,3607815.823007973,896413.4719735824,578882.5121221214,2940358.615816915,49,78,7,80180.0,77610.0,339909.0860587203,0.5611255466125864,161.4348782390239,6.0,False,0.0,8.972631324411177,0.6454760902890141,6.863021687422919,60.25017065952446,66.66991157446398,18.149026321539782,54.76708654122016,47.93546951716861,12.182561470295667,0.3874105556363276,0.6171588959237233,0.34138592434783777,1.1793875890057113,0.03679365454697688,0.0752200707097743,2.0479311782038074,1.0338573897987833,1.167017155555867,2.142543680350121,0.5393680369043095,0.23040875353491008,5.14552689079734,0.35559792928861794,0.06599556481788552,0.13691451658637216,0.572441471846513,0.25095692969222544,0.15556759371259093,0.03594277801296898,239.79286766045496,1016.6419063887918,2215.910005887313,4005.9309253811375,0.41617920983044826,0.3769081714482426,2.0632046870037892,0.18927188332073136,0.2817007755181401,2.8470442652568004,0.007282528122229605,987081.6767409489,0.07673118455123101,312.90118027449296,33.59146683329494,27.35910623494475,33.43432243187749,0.0010180420192312455,26.914829267878204,400321.64256404515,130962.76720615734,1.788132481420627,378618.39961708256,38888.08609856728,22917.310801335007,23660.225962831984,32858.96470055617,0.10684639986577049,0.24350281003693608,39241.2582058378,33251.06551749545,5.633808649434362,0.04192563532245731,0.0009714410685456175,0.011717164750351013,0.15783956281806422,1.8658125500570766,114310.34601010017,402308.2185012129,84235.71759293457,129061.58571683569,0.1640237839688382,224.91816845741272,0.7730930823438705,0.2132738510364913,0.03582319402286116,23699118.592807624,0.0620447258874921
18,3080091.659422992,2474283.206614637,-617256.0416542095,-3768375.4259383734,5325639.910489554,84,999,99,74850.0,72110.0,255142.91627823273,0.5365405552531302,187.44062205895708,6.0,False,0.0,10.67721962287824,0.598701442082348,6.006109664767409,117.90536754602155,67.3154051294469,13.574744813644122,42.09756065566512,56.107891776052156,7.420227536673092,0.8480993466761507,0.5365397962819188,0.15511564986079818,1.225681721049717,0.05983218379254193,0.07845509980958423,1.4352543859322031,0.6623411984192974,0.8227245551553295,1.4552109633831232,0.532399812490244,0.17038974353196915,4.463756018320022,0.37398023198989555,0.08158210051565176,0.13586779579955965,0.5822100472347893,0.2637781363441658,0.1131551971964599,0.025871375536172223,223.27190300194474,986.5892927582139,2213.7115542960983,3903.0459611440524,0.586077592708851,0.49017483608892487,1.8829591750761838,0.11623408759105178,0.25879374282572076,2.410082251492552,0.007091502352928977,791734.1881433849,0.0536771460494711,335.02484227181066,33.86980324653343,23.964869942070777,31.515388417579565,0.001613288406569514,34.22811515693368,290078.91551215603,142738.31384819868,1.8403677850491509,771865.0565177007,50621.23549531224,38158.514200349455,16074.189238111374,25270.054591431228,0.13500890086707135,0.26158092380415154,29405.309300626963,40603.73555178799,3.9452068778572524,0.030428213894893023,0.0008970523760613682,0.013975056991960026,0.1324313574538506,2.0943962923061092,145990.77090227915,403133.4160633625,172744.92693455832,128721.18371993475,0.21448436267044743,298.46916431371125,0.7758238069094847,0.4889266486817352,0.04184848193410151,14237896.350179838,0.06546454673230073
19,5005878.366753372,3378265.912367167,849427.0578637798,609666.3336232117,2818925.8081065416,37,78,7,99720.0,77130.0,319698.7006994558,0.5504099519366695,171.06943955290467,6.0,False,0.0,8.71284339690933,0.7114709011496876,6.936374002481016,103.95398317309969,83.91781844845488,14.396855546747153,72.4460699173884,41.22192260317577,11.333515994571464,0.5932322002168627,0.6500885765809197,0.22570836904759561,0.9148293418596383,0.06584121705266499,0.05969307761165704,1.92095207133354,1.0841053515581587,0.8538430463447282,1.400493887518974,0.6340759725318235,0.21733090746696776,2.6732741143026013,0.33890785842486615,0.06856918859919213,0.14910641464235463,0.626796411861665,0.2199477838539195,0.09229687814312963,0.030711728823311135,225.72315004790875,1025.0005670665087,2283.515008995275,3802.4891520707874,0.406477738090427,0.43444108064111814,1.8520089242959092,0.10479992602216584,0.23273398377784607,2.3572838165924384,0.006801346342480903,1321212.733214749,0.07624246290047376,395.9453030980858,37.113677327515944,26.75173427072903,32.92045595078929,0.0008593913260480429,42.774779663420176,517157.9430009929,146076.33802712202,1.7190659082257937,956110.9027702644,52040.39737857051,14750.681124011402,18518.448003782487,37140.10040106329,0.1037023551037151,0.35151229764956426,35484.03971182777,62852.31586989166,4.132254597272542,0.025136505875576434,0.0010277412285586403,0.012966930316483773,0.07254020143861258,1.963693548404677,137797.56403976353,537891.3586226327,173297.88594253527,177968.38353226322,0.23394793476080147,275.74435057350445,1.1887426992957122,0.3223470389778227,0.027969791870154137,39884565.31074862,0.04919397421350702
20,4112274.905196949,3151028.418464251,547713.1101942213,587036.4335599858,2607630.6570739415,37,72,6,92550.0,82650.0,312499.28198328963,0.5334474885844749,190.9609554855802,8.0,False,0.0,11.532794390093484,0.6316675681469115,7.082731453306669,71.34495070322852,95.53741584958672,18.76203864071349,61.639948962121366,49.949086261970336,9.824829121240272,0.585756670698484,0.5658074467141782,0.22548131394205614,1.2209280741025672,0.06443886473627106,0.0625374646158483,1.5542473615207697,1.5054482887947256,0.9403572673115926,1.761424483788936,0.754314226209722,0.13426276896324763,3.002038231947151,0.4042213230787214,0.04664849547611153,0.1263966464295438,0.5583649847009994,0.2669572876613703,0.11151608375803838,0.027379239438541442,263.24943082709063,971.6741924178692,2374.041662211433,4148.494789499017,0.6097224461944504,0.4576975827856627,1.8611608926000476,0.16021902622733275,0.273957633968421,2.8056967858440425,0.007877743244535149,714074.5008375603,0.06600323227112401,323.6191609283753,33.90221457549138,29.694627139018163,28.773200262776307,0.0012272410409249652,32.564085494031545,323387.79472330713,165693.18637902598,1.8343234849129204,713289.4290307126,42361.233640539336,29769.154502140278,19065.505956779525,43081.93460348603,0.11705555429338389,0.3702838613133533,36777.12607771096,42271.389686941584,6.269580756145371,0.033388273505470176,0.0008962115840495315,0.012156943089841134,0.08228174791585027,1.8788697334151463,110845.91594222662,271964.8420214359,141653.55233350117,99702.14329864061,0.11501908785318922,223.77526528153905,1.1477646453750694,0.4103852872987377,0.037559149353601384,15252567.532578608,0.0628965317244361
21,4295494.398085646,2734699.4088874506,636540.0912547038,1177405.6967929904,2544243.104048949,37,66,6,90220.0,74980.0,286191.8946785288,0.5412227602905569,272.7213283054463,11.0,False,0.0,6.947740407079006,0.6733896023439319,5.474351747173121,73.25468153535428,84.21953697726826,21.650764988034783,46.01340145922519,47.06936780953965,10.473942477837578,0.7450851709606663,0.6079441813771189,0.24049746963657026,1.2220064681486678,0.0998106248023114,0.05300104204310162,1.809154859088749,0.5950585180498715,1.0561657136943214,1.5862638235102482,0.5995307348985499,0.1129756022436312,3.8157547759325707,0.3197013663752025,0.05070055960952842,0.08236450825388829,0.6697653796943608,0.2409554038395914,0.13089251437502192,0.04436631419219245,262.129069909564,985.6879590093965,2185.7353963213372,4243.591800140642,0.5695205016700013,0.38886430969459224,2.8827910180009235,0.14419647013063058,0.2977658582357122,2.7284013586398688,0.0063457105961789145,1237924.357961326,0.04963620994350537,363.8984402208582,31.016704822710025,27.254330121613258,30.336983114260306,0.0008238282643388435,30.29306950707383,390210.7208870539,149445.18736913602,1.7390736523886707,641883.8171473072,55968.160700950604,22415.96035652634,9977.797441339435,29987.392432394772,0.09557147344207097,0.3232055448889925,33616.24493043522,57315.202149476405,3.8102570809576966,0.03665363682227833,0.0014943930636134187,0.013851682768939977,0.09533626737482281,2.291698840975105,83579.64575887872,298478.1951904311,187036.34118713601,143476.47956049134,0.18018922046691038,298.03892337627946,0.8596111980788221,0.31795920497650143,0.032415579037197495,22360057.46132072,0.06050235553147054
22,5571411.128192569,4138369.6492324173,1517442.0514407465,1652177.092936661,3241487.3391092736,49,72,6,104170.0,94330.0,316257.33983521175,0.5130982367758187,135.14854170768507,9.0,False,0.0,12.238520942313926,0.5793621188579356,4.428955104170361,64.00708330837193,67.17174583611057,13.66281692229716,52.4476869909805,34.40155531030568,11.616454551747104,0.7082678730421905,0.5863821794324043,0.3055697671314829,0.9707195750736755,0.0981610201741262,0.09815018113336539,1.4243588280259545,1.1312163846864585,1.043780082877128,2.2560677247478678,0.5168851208800841,0.2506316338327516,3.7803769433833514,0.3694791045494872,0.06370337273052935,0.1254564815331477,0.5462810852237427,0.27387909729899507,0.11017469084297403,0.040816232031116534,238.24424554077146,1047.001193729769,2223.1118663030056,3921.664542103687,0.4650542222929418,0.4880922698495912,1.5943484564428272,0.17365719959165923,0.3142325318963278,2.896990172141902,0.007839800838906695,1006652.8266817796,0.06846852823822827,294.67311333017443,31.76111884626077,23.94771805276378,28.880303425954597,0.002144413959981017,42.298101723591806,509096.85284745524,148616.87051137228,1.7451132286535433,559984.3236546596,52824.50582320378,45466.03949513375,19950.881326479815,29586.97508134784,0.07182192978358337,0.30043134433079643,41920.16928914859,50354.48812797897,3.9622503859033253,0.038452797878743436,0.0008950513551847536,0.013437187573918558,0.11306214569837023,1.6756438887921958,80520.31801585486,416475.63311129744,163936.61853972904,146966.04860684322,0.1921620473826533,216.64354214188614,1.3960318720304996,0.27627208709995693,0.04446666776545072,20310060.710391395,0.07403640035988734
23,5495957.066275481,3335417.1196590434,1868316.327374494,2363344.933249209,2406754.9119941806,49,68,6,93580.0,80690.0,318501.7052922636,0.546565673954209,327.751539650932,13.0,False,0.0,11.937447337561377,0.6517038540849558,6.1900750967928015,59.381258734511306,94.63535395291355,13.967953877335875,64.69177948708581,40.85987826995356,8.640168055599872,0.48006993155258104,0.5582220662226137,0.2555496016617277,0.8785250087691255,0.07832218988177853,0.05401953775485541,1.7304506911806146,0.9927662631317676,1.0035822910695407,1.7420634859726785,0.7177561441835554,0.18221999217313883,3.2297750556721594,0.34980740683954115,0.05698852316996538,0.1138198705491642,0.6237416648387494,0.2370801784379714,0.14717836554502112,0.040004385381161384,285.84001022241034,987.944653027475,2392.8171291801455,4229.317943952453,0.509123029680647,0.46405403634883663,2.1257689922901375,0.12264587128261652,0.2552048066457764,2.843159261108333,0.006744183188833466,1086827.5700766186,0.050388011894467344,449.9888158388443,32.583721177964655,29.99678098708653,30.258445868671874,0.0009197985379637813,21.386741860620372,388442.5240254598,190102.34311156993,1.7733825217903274,956102.466343453,32425.060783521225,32791.46706007378,10524.827313321519,61423.54151779264,0.11990971800923395,0.355551461864233,51948.34811472229,44595.48302129188,4.085711467715374,0.03462309318820797,0.0011709488165442905,0.012890614175392867,0.12414329913553826,2.04669824992534,98566.38160683785,244248.09513038024,109673.76376581396,115768.91481261098,0.12683457092426922,291.7334955214264,1.1693049507443933,0.4134996385030042,0.035051376844576265,24642773.758597054,0.05845605193497483
24,3981407.351369169,2921864.5173253403,468770.4701980439,-408299.06503668294,2883615.0320628583,38,999,99,82790.0,68600.0,263211.84556810115,0.5437611467071801,132.16296196992496,7.0,False,0.0,13.614199591806434,0.6587399739916744,5.566187597388593,89.12759688950962,57.857097460314904,19.68532766876695,49.447416800209446,65.12560952720627,14.76359206450687,0.48847675743148383,0.6399543833547381,0.26555263340957,0.8914209872596861,0.10275840685675852,0.05919666137899169,2.264824563777691,0.8180445934775122,1.0532782852426312,1.4849798158611005,0.7357878526736379,0.236070025606751,3.043847333856008,0.35056986582654176,0.07824420962839546,0.10509551518732184,0.6455818176243133,0.22621954692833485,0.13533511468635412,0.03853770356638617,253.4746030717074,970.860162623762,2211.423792863242,3678.0681454229825,0.5049696994825428,0.43557607984488317,1.7865545087993533,0.13429054384867187,0.26556944771323154,2.054263269537613,0.0071032080475471795,771571.767392095,0.0671461453393925,411.3093000791041,29.903875015051696,23.430741524035476,30.438157306132734,0.0017423105912976744,31.105845770547898,505653.6990676973,163729.68293365947,1.7935726896893565,327263.35035669,47947.436307126234,24174.1330265736,14980.382366485417,38827.61168510851,0.10951650257065107,0.2871807569156137,28927.785879279065,63351.58014284904,6.095465168612499,0.03192309059749862,0.0012922003923946446,0.013956824225807183,0.14127426599150028,2.108487121231776,113521.97303541804,320432.9686927257,233813.9452942753,107786.65349297081,0.13777169836656628,296.6734424783588,0.9209915213867119,0.4487913016981686,0.03418747127759614,21309141.023755983,0.05871299555184972
25,4756806.405338314,3948521.363993751,924326.2330411421,950026.5040112529,2534363.444840673,49,72,6,95670.0,87310.0,377974.347733843,0.5367799759536561,307.75598532543376,8.0,False,0.0,12.817158180813344,0.6185445451540563,7.957041356325357,83.9147811710465,72.33470418500124,12.326599975377954,75.77730151637923,46.09559444216234,11.43589281400277,0.6251290681122785,0.5531751250721006,0.22416953074302273,0.6923789099875354,0.04320483053508952,0.0496791923176422,1.8370182140489608,1.1501189482405136,1.152446571220418,1.934856461020733,0.43429780217002284,0.2067496447574026,3.991429541179744,0.40175868798861114,0.06972690433821557,0.09747005690644212,0.6146165298728077,0.2319659714838316,0.1120602048554385,0.03844524331099188,245.72932251090086,1033.6632740400917,2236.5904002541984,3921.122235892077,0.5405834577642248,0.4246183530570377,2.1057998179713393,0.1944833134958046,0.303179112970446,2.6074782378460135,0.006415572442002398,675373.0229862358,0.0588293791070037,396.370356492359,35.472174683204756,25.585056636396352,28.962692032684327,0.001058959736869225,35.655940721449085,432299.4987405855,132852.1751028586,1.6751704811059087,435410.40954523714,55473.32065974277,19754.695686892654,12402.539063453627,46377.058705947464,0.10083414167516017,0.24357166866372507,41508.087599521554,29743.23511580079,5.0165587570949945,0.026504336528199834,0.001531575607517739,0.01265316171015933,0.14384052640373346,1.6024973574517172,87325.16821463295,384972.08658847655,208859.8927328425,98945.42909039195,0.13264437059052128,284.36116276962605,1.1763638216982506,0.2344816405746099,0.039241471226601043,15748498.061777892,0.06773149680153157
26,4967001.480560366,3417413.6766869463,1060134.1785641396,2060492.9529422224,2436973.947867266,37,60,5,88370.0,69710.0,322856.13169176556,0.5501644736842105,168.24600307565308,8.0,False,0.0,12.047368356379899,0.7169193710569403,5.408734789476851,85.22163910679285,91.64709021620315,12.790476431967216,63.63430719394623,40.935470975064156,11.297572812853915,0.5620009522548249,0.6760524239941663,0.20443835644256458,1.2345929795692,0.09593492972597832,0.07411209414879716,1.7518229777763858,0.9280817449865495,0.952122506595264,1.557108725204706,0.5967998716069866,0.23122267205130215,4.834048392102246,0.3053061500901926,0.06013344152815149,0.08883319167007671,0.576619690003836,0.23516452421991949,0.11809600731067457,0.043731978780736175,268.15022379647064,1020.097979106518,2269.698356180536,3880.8443026776063,0.4600633389080385,0.42605381384925134,2.299713425140898,0.14436842331386737,0.22494688755594713,2.377554214640643,0.007488012125180106,1085410.5648985328,0.0752434457128548,316.7356468902824,34.74057532351645,28.397796521255383,31.82307108771764,0.0021222413581528476,25.394122911384457,318988.00545668305,117478.36892956408,1.7991433779638994,949157.0909147518,46561.23490785748,33748.38870962498,12194.670486940773,41233.178274874386,0.08621822429612402,0.2742215389783287,28131.54593527332,40780.230454008604,3.5110796653980763,0.03412793393921168,0.0007585861808758138,0.013837006982034366,0.11614996330164798,2.2882266307513026,99069.27329971107,334101.03003644117,123731.68509285303,121874.31628801768,0.20103987500427598,295.0519508376482,0.9594788557559184,0.3486076922089548,0.0273516383500777,25867810.073760867,0.04778836968156064
27,4098112.5119959554,3323514.000442097,415967.43214113126,-1013328.9251491583,3200918.732572935,50,999,99,96890.0,80080.0,272447.9478775728,0.5230265016669492,189.9005178217164,6.0,False,0.0,9.354050118228436,0.637890394042885,4.113197543681094,71.50569564603677,82.33251114643123,17.37151125428812,43.33128390293298,59.60666927700864,10.769830975445108,0.7077415408947896,0.5563921648319264,0.2688185589398645,0.8803704704361462,0.08490851798500872,0.06178871280559119,1.5010606543965688,0.9539599046052817,0.9996110063142335,1.6973565122791339,0.5965509592476994,0.19531985242228417,3.8886302696829085,0.38005847279163063,0.05798943653776675,0.13163053378058331,0.5743561137576974,0.25434031421926473,0.15947543183017682,0.04377153259491111,295.46344165827617,1044.638504806159,2232.413690950617,4137.319496995064,0.40754171750945367,0.3627104930996659,1.7566670525392523,0.14469078939828617,0.3259131993528687,1.9465975741293249,0.0070834123616434356,978522.3645135842,0.061495425161718936,302.8791084094075,30.373231624602532,28.427343517942262,29.137960745168797,0.0017880609532532257,38.19669641584089,491199.55327040097,161100.6378664883,1.6759447486015286,917435.889587393,48889.35186126352,26919.809193449262,15419.367475588084,62873.93114468604,0.10955404813053021,0.25818252999204994,29861.010978083155,55062.58408161379,5.3623577417889035,0.04631707613329648,0.0011850366296748778,0.013916481920586641,0.08504600350498578,2.566332200518771,199255.43517759978,420574.05813307175,195911.34022724428,141978.29574605287,0.14718270216270216,287.22817154383415,1.1336000038858982,0.29023892129886053,0.036772576778759336,18225643.98830092,0.067915776560449
28,6391052.587918821,3346500.142121938,2113506.880670321,6527725.025319772,2409506.5723225037,25,45,4,102170.0,87820.0,347060.0657709426,0.5467129848939418,247.82643142365302,10.0,False,0.0,12.57336862544118,0.662487019888938,7.2089299009071075,103.2905177298222,87.66174502310221,14.794433817338476,50.16335821861706,37.902926068474684,13.238880069123592,0.8357600496736279,0.6937180843282065,0.29763384434503704,0.8565974316667948,0.09973408215671338,0.05231680109027887,1.634894628002017,0.7604747840522481,0.9841502155979909,2.053888057962623,0.6168645123476078,0.13179808457123277,4.143534499332643,0.35900191994838454,0.0630670582207491,0.10589270594174172,0.5559797525156969,0.27224841308780034,0.11383106377366564,0.04318287331352884,293.8694144093845,1033.8119813107285,2323.621168690982,3868.2273514102794,0.5919647824144831,0.45800076155857083,1.6697769889387257,0.1340821883459386,0.31061775147672044,2.207137725258092,0.008123471210558883,1219426.2720216457,0.07944917059147716,386.8449205529972,36.30557025039528,29.404359488147684,33.35254633141843,0.0017101113379705034,27.858304349062383,526938.1726277056,156689.4657954629,1.849281410732162,501522.0911671798,25767.563664354246,26202.846782353503,22252.324888054423,33068.07042875963,0.10579532266741365,0.33430858552224885,28068.49649449496,56525.79260313531,3.2703578499810506,0.049508858883796594,0.0006210230784544745,0.013750797682411943,0.151871850324252,1.7682240581161652,174839.39410095074,359466.6156200006,173491.91642012837,159013.7956711133,0.21964811902070797,285.5749793971402,0.9786392650945024,0.24222267923686053,0.03373084913525548,37478466.61707345,0.06322248979599754
29,4805478.982804051,3437334.260071077,795697.2386304371,-82800.07752566854,3287121.213198116,49,999,99,115490.0,87810.0,315448.33717986953,0.547319232661092,173.01690776848318,9.0,False,0.0,11.539853731084285,0.6926328901081465,6.785676612352923,84.85985609344092,85.76949957215135,10.739944868552513,48.65279895678489,41.7876551020367,12.211420989419436,0.6881361498766538,0.5983260688073825,0.3138635618562261,0.9934625308181945,0.053394151008668296,0.07443001298543075,2.1590931588614026,1.352841366774973,1.2581185619074544,1.7665243243097533,0.7041210811580144,0.10419202138495227,3.7413727892291284,0.3712977156953027,0.06201959648469057,0.10678539102166476,0.6715858279670206,0.2221871226975085,0.1728035696359444,0.03566987760931824,254.80791563063514,1018.6015579134151,2203.8057856750597,3769.4524757592194,0.39911799321686714,0.4101520011169791,2.10324990555024,0.13167780008289476,0.27004695505253073,2.6499040149182367,0.007457921326663463,820738.811450277,0.062020026214857554,400.4375688342344,33.878526275064544,25.01395470021165,27.28613764102044,0.0015408029953779933,47.22369683850416,462849.7868000228,146834.67939795088,1.828591629391589,726580.8195114398,65519.54140913591,14419.725514934724,22458.12820269009,33665.668138383655,0.10120357266232448,0.29134474005266664,35024.96514334217,60013.64015191404,5.701016157158174,0.03289642016256871,0.0011548471775673537,0.013213271546046448,0.12114926570520763,1.9635352419640393,184757.88376056423,400778.03663594194,220208.5325960731,167226.58859892236,0.16936868469056235,279.52217530688955,1.3838456352612787,0.4936387474757129,0.030141017275893467,20383170.275634024,0.05525086508557031
