item,parameter,solved_value,arithmetic,status
1,Entry-fee base uplift funding the discount ladder,0.696pp,"Book-weighted discount at the Y10 computed tier mix = 0.696pp. The 1.5pp Sovereign ceiling applies to only 4.4% of accounts, so the ladder costs far less than its headline.",SOLVED
2,Gold Rewards rate ceiling,1.148% of qualifying spend,"(cum interchange 13,192,568 + credit 46,347 - custody 388,102) / cum card spend 1,119,222,206. Top-tier rate of 0.75% is INSIDE this ceiling.",SOLVED
3,Referral reward size,399% of the referee's entry fee (LTV does not bind; F17's 30% is affordable),"25% of all-streams LTV 749 = 187 max affordable reward; the referee's entry fee over a 24-month run is only 47. The LTV ceiling is 4.0x the entire entry fee, so it cannot bind - **the binding constraint on referral reward is the acquisition budget (item 5), not LTV.** F17's 30% placeholder is affordable.",SOLVED
4,"Agent commission, three levels","USD 175.68/account, split 4/5/6 = 46.85 / 58.56 / 70.27","Agent pool 5,075,076 over 28,889 agent-sourced accounts, split on V2's recommended 4/5/6 front-loaded gradient.",SOLVED
5,Acquisition budget ceiling,29.1% of total revenue (338% of entry-fee revenue),"Acquisition 8,458,460 against total revenue 29,032,342 and entry fee 2,504,849. **Confirms the brief's own flag**: expressed against entry fee the ceiling is 338%, which is meaningless. Total revenue is the right denominator.",SOLVED
6,Tenure rebate size,n/a - RETIRED,Decision 44 (2026-08-10) retired the mechanism. The brief's solver conflates Gold Rewards' 0.10-0.75% range with a superseded decaying redemption fee. No solve required.,NOT APPLICABLE
7,B2B platform fee bps,35 bps floor (modelled at 60 bps),"Floor = vault rate 25bps + 10bps target margin. At Y10 partner AUM 215,306,667 the modelled 60bps yields 1,291,840/yr.",SOLVED
8,Family plan and per-beneficiary price,USD 32/yr + USD 20/name,"Corpus §11 solved this at USD 29-36/yr against a USD 2.35 per-name floor (~5x headroom). Model carries the midpoint. Confirmed, not re-solved.",CARRIED FROM CORPUS
9,PM share needed for EBITDA break-even in 10y,77.5%,Bisection on PM share holding all else at Base. ,SOLVED
