topic,corpus,param_file,brief,resolution
Monthly hazard root convention,n/a,n/a,1.0 says h=1-S^(1/12); 10.2 says h=1-S13^(1/13),Used 1/12. The M13 anchor spans 12 hazard opportunities. Per task spec.
Reduced-state ticket,n/a,S29: 50% of prior ticket floored at USD 20,3 Layer 3 hard-codes reduced x 20,"Used S29. The brief's hard-coded 20 is a real error; the floor is the hard minimum (F6), not the observed landing point."
LAPSED is terminal,"extract item 2: STOPPED/DORMANT retain gold, AUM, custody, card",S33 lapsed-holder redemption multiplier,Layer 2 treats LAPSED as dropping out of everything,"Used corpus. LAPSED-HOLDING stays in AUM, custody, screening and (per the LAPSED_KEEPS_CARD switch) the interchange base."
Spot entry-fee discount,_draft_sip-rulebook.md 1.1 + decision 44: tier discount on ALL purchases,Block F prices spot at the tier discount,brief models no spot lane at all,"Used corpus. _draft_purchase-structure.md 4.1/4.3 ('flat, top of range') is superseded - six days older and overridden by decision 44."
Tenure rebate,decision 44 (2026-08-10) RETIRED it,not carried,9 solver item 6 asks the model to size it,Struck. No rebate is modelled and no FIFO lot accounting is built (decision 41 makes grams fungible).
Float cost of capital double-count,extract item 5: charging float CoC AND the full dealer premium double-counts under either regime,S51 dealer-carried at launch,F5 charges 0.49% float CoC as a flat % of inflow with no derivation,"Float CoC is DERIVED from the sized float, and set to zero while the float is dealer-carried (to Y3). The flat F5 rate is not used."
Stream 5 drawn balance,Manappuram realised tenor 71 days,S40 turnover factor 0.42,6.5 computes peak drawn and prices it as persistent,Applied S40 to the interest component only; origination is per-event and rises with turnover. Roughly halves stream 5.
Collateral chain open links,"table marks 2 open (links 1,5), 3 designed",n/a,header says 'three are open',Recorded as 2 open / 3 designed. Header is stale; the table is operative.
ADGM vs DIFC holding vehicle,decision 50 + composability draft settle route 2 as DIFC,n/a,7.4 one-off table lists an ADGM SPV,"Booked as DIFC SPV. Same cost, corrected label."
