year,segment,ticket,rail_case,gross_margin,rail_cost,net_margin,net_margin_pct
1,S1,75.0,Base,1.6125,0.25,1.3625,1.817
1,S1,75.0,Conservative,1.6125,1.36,0.2525,0.337
1,S2,40.0,Base,0.86,0.25,0.61,1.525
1,S2,40.0,Conservative,0.86,1.36,-0.5,-1.25
1,S3,20.0,Base,0.43,0.25,0.18,0.9
1,S3,20.0,Conservative,0.43,1.36,-0.93,-4.65
1,S4,40.0,Base,0.86,0.25,0.61,1.525
1,S4,40.0,Conservative,0.86,1.36,-0.5,-1.25
1,S5,30.0,Base,0.645,0.25,0.395,1.317
1,S5,30.0,Conservative,0.645,1.36,-0.715,-2.383
1,S6,75.0,Base,1.6125,0.25,1.3625,1.817
1,S6,75.0,Conservative,1.6125,1.36,0.2525,0.337
2,S1,75.0,Base,1.6125,0.25,1.3625,1.817
2,S1,75.0,Conservative,1.6125,1.36,0.2525,0.337
2,S2,40.0,Base,0.86,0.25,0.61,1.525
2,S2,40.0,Conservative,0.86,1.36,-0.5,-1.25
2,S3,20.0,Base,0.43,0.25,0.18,0.9
2,S3,20.0,Conservative,0.43,1.36,-0.93,-4.65
2,S4,40.0,Base,0.86,0.25,0.61,1.525
2,S4,40.0,Conservative,0.86,1.36,-0.5,-1.25
2,S5,30.0,Base,0.645,0.25,0.395,1.317
2,S5,30.0,Conservative,0.645,1.36,-0.715,-2.383
2,S6,75.0,Base,1.6125,0.25,1.3625,1.817
2,S6,75.0,Conservative,1.6125,1.36,0.2525,0.337
3,S1,75.0,Base,1.56,0.25,1.31,1.747
3,S1,75.0,Conservative,1.56,1.36,0.2,0.267
3,S2,40.0,Base,0.832,0.25,0.582,1.455
3,S2,40.0,Conservative,0.832,1.36,-0.528,-1.32
3,S3,20.0,Base,0.416,0.25,0.166,0.83
3,S3,20.0,Conservative,0.416,1.36,-0.944,-4.72
3,S4,40.0,Base,0.832,0.25,0.582,1.455
3,S4,40.0,Conservative,0.832,1.36,-0.528,-1.32
3,S5,30.0,Base,0.624,0.25,0.374,1.247
3,S5,30.0,Conservative,0.624,1.36,-0.736,-2.453
3,S6,75.0,Base,1.56,0.25,1.31,1.747
3,S6,75.0,Conservative,1.56,1.36,0.2,0.267
4,S1,75.0,Base,1.56,0.25,1.31,1.747
4,S1,75.0,Conservative,1.56,1.36,0.2,0.267
4,S2,40.0,Base,0.832,0.25,0.582,1.455
4,S2,40.0,Conservative,0.832,1.36,-0.528,-1.32
4,S3,20.0,Base,0.416,0.25,0.166,0.83
4,S3,20.0,Conservative,0.416,1.36,-0.944,-4.72
4,S4,40.0,Base,0.832,0.25,0.582,1.455
4,S4,40.0,Conservative,0.832,1.36,-0.528,-1.32
4,S5,30.0,Base,0.624,0.25,0.374,1.247
4,S5,30.0,Conservative,0.624,1.36,-0.736,-2.453
4,S6,75.0,Base,1.56,0.25,1.31,1.747
4,S6,75.0,Conservative,1.56,1.36,0.2,0.267
5,S1,75.0,Base,1.56,0.25,1.31,1.747
5,S1,75.0,Conservative,1.56,1.36,0.2,0.267
5,S2,40.0,Base,0.832,0.25,0.582,1.455
5,S2,40.0,Conservative,0.832,1.36,-0.528,-1.32
5,S3,20.0,Base,0.416,0.25,0.166,0.83
5,S3,20.0,Conservative,0.416,1.36,-0.944,-4.72
5,S4,40.0,Base,0.832,0.25,0.582,1.455
5,S4,40.0,Conservative,0.832,1.36,-0.528,-1.32
5,S5,30.0,Base,0.624,0.25,0.374,1.247
5,S5,30.0,Conservative,0.624,1.36,-0.736,-2.453
5,S6,75.0,Base,1.56,0.25,1.31,1.747
5,S6,75.0,Conservative,1.56,1.36,0.2,0.267
6,S1,75.0,Base,1.5394,0.25,1.2894,1.719
6,S1,75.0,Conservative,1.5394,1.36,0.1794,0.239
6,S2,40.0,Base,0.821,0.25,0.571,1.428
6,S2,40.0,Conservative,0.821,1.36,-0.539,-1.347
6,S3,20.0,Base,0.4105,0.25,0.1605,0.803
6,S3,20.0,Conservative,0.4105,1.36,-0.9495,-4.747
6,S4,40.0,Base,0.821,0.25,0.571,1.428
6,S4,40.0,Conservative,0.821,1.36,-0.539,-1.347
6,S5,30.0,Base,0.6158,0.25,0.3658,1.219
6,S5,30.0,Conservative,0.6158,1.36,-0.7442,-2.481
6,S6,75.0,Base,1.5394,0.25,1.2894,1.719
6,S6,75.0,Conservative,1.5394,1.36,0.1794,0.239
7,S1,75.0,Base,1.5394,0.25,1.2894,1.719
7,S1,75.0,Conservative,1.5394,1.36,0.1794,0.239
7,S2,40.0,Base,0.821,0.25,0.571,1.428
7,S2,40.0,Conservative,0.821,1.36,-0.539,-1.347
7,S3,20.0,Base,0.4105,0.25,0.1605,0.803
7,S3,20.0,Conservative,0.4105,1.36,-0.9495,-4.747
7,S4,40.0,Base,0.821,0.25,0.571,1.428
7,S4,40.0,Conservative,0.821,1.36,-0.539,-1.347
7,S5,30.0,Base,0.6158,0.25,0.3658,1.219
7,S5,30.0,Conservative,0.6158,1.36,-0.7442,-2.481
7,S6,75.0,Base,1.5394,0.25,1.2894,1.719
7,S6,75.0,Conservative,1.5394,1.36,0.1794,0.239
8,S1,75.0,Base,1.7044,0.25,1.4544,1.939
8,S1,75.0,Conservative,1.7044,1.36,0.3444,0.459
8,S2,40.0,Base,0.909,0.25,0.659,1.647
8,S2,40.0,Conservative,0.909,1.36,-0.451,-1.128
8,S3,20.0,Base,0.4545,0.25,0.2045,1.022
8,S3,20.0,Conservative,0.4545,1.36,-0.9055,-4.528
8,S4,40.0,Base,0.909,0.25,0.659,1.647
8,S4,40.0,Conservative,0.909,1.36,-0.451,-1.128
8,S5,30.0,Base,0.6818,0.25,0.4318,1.439
8,S5,30.0,Conservative,0.6818,1.36,-0.6782,-2.261
8,S6,75.0,Base,1.7044,0.25,1.4544,1.939
8,S6,75.0,Conservative,1.7044,1.36,0.3444,0.459
9,S1,75.0,Base,1.7044,0.25,1.4544,1.939
9,S1,75.0,Conservative,1.7044,1.36,0.3444,0.459
9,S2,40.0,Base,0.909,0.25,0.659,1.647
9,S2,40.0,Conservative,0.909,1.36,-0.451,-1.128
9,S3,20.0,Base,0.4545,0.25,0.2045,1.022
9,S3,20.0,Conservative,0.4545,1.36,-0.9055,-4.528
9,S4,40.0,Base,0.909,0.25,0.659,1.647
9,S4,40.0,Conservative,0.909,1.36,-0.451,-1.128
9,S5,30.0,Base,0.6818,0.25,0.4318,1.439
9,S5,30.0,Conservative,0.6818,1.36,-0.6782,-2.261
9,S6,75.0,Base,1.7044,0.25,1.4544,1.939
9,S6,75.0,Conservative,1.7044,1.36,0.3444,0.459
10,S1,75.0,Base,1.7044,0.25,1.4544,1.939
10,S1,75.0,Conservative,1.7044,1.36,0.3444,0.459
10,S2,40.0,Base,0.909,0.25,0.659,1.647
10,S2,40.0,Conservative,0.909,1.36,-0.451,-1.128
10,S3,20.0,Base,0.4545,0.25,0.2045,1.022
10,S3,20.0,Conservative,0.4545,1.36,-0.9055,-4.528
10,S4,40.0,Base,0.909,0.25,0.659,1.647
10,S4,40.0,Conservative,0.909,1.36,-0.451,-1.128
10,S5,30.0,Base,0.6818,0.25,0.4318,1.439
10,S5,30.0,Conservative,0.6818,1.36,-0.6782,-2.261
10,S6,75.0,Base,1.7044,0.25,1.4544,1.939
10,S6,75.0,Conservative,1.7044,1.36,0.3444,0.459
