line,M1,M2,M3,M4,M5,M6,M7,M8,M9,M10,M11,M12,M13,M14,M15,M16,M17,M18,M19,M20,M21,M22,M23,M24,Y3,Y4,Y5,Y6,Y7
new_accounts,49.70103309914693,48.12972548558615,51.28794307111748,67.75559404991463,52.27101674392393,50.75038735785438,48.503187014142924,51.508862115036194,63.59478293063819,78.68471397060377,72.57301535904533,54.3889292247832,171.83225037481995,156.0050771300335,156.7969876041756,199.4157516404257,150.34100525224042,142.37846440371334,136.52600860252133,147.24355181247364,184.42364164721704,232.49565051855396,216.79236341000268,164.01476304245782,4165.1494437549245,6126.530119505712,8049.912152838755,9706.885197187397,10955.138845335518
contributing,49.70103309914693,93.81143603800507,137.90292351000863,195.5712674402519,234.00615701737306,269.0357009557708,300.3180173401766,333.474509966116,377.4597602924505,434.43872040485763,482.27497051522664,509.8353570409114,654.4837868199273,773.5401206014869,886.517874526615,1036.2430305572875,1128.467056878479,1209.50331283255,1282.4195759318466,1364.397902851227,1481.0817467061645,1640.5800701972535,1775.9554156296742,1852.6144815830633,4320.723759360459,7477.924584656695,11139.215925492552,14992.11477389353,18713.24953103162
reduced,0.0,0.0444476339005671,0.12971450389681066,0.2565560494385031,0.4375675157002402,0.6561137852400631,0.9088465317901933,1.1919121166343238,1.5063263369963518,1.8611560489094343,2.267681870538186,2.7176347903896327,3.1923313621681113,3.795287612725099,4.5056429479651925,5.318363969162667,6.266008937160295,7.297443345277309,8.400774241047502,9.566539216926547,10.80052363732516,12.131850687905633,13.597885707433674,15.177031181042691,46.26455129695443,102.13447629618108,183.74540227536298,288.6306626343743,411.0979482736897
lapsed_holding,0.0,3.974874912827446,11.086063641945133,21.046472216074804,34.7015879166158,50.20388506653267,67.17202294971963,85.24132685397231,104.53644523791397,125.88736938419754,150.2176088112451,176.59619859049207,203.30532261451762,237.75806849591976,277.2488619429328,320.7602144846745,370.2841687692683,421.3862243740739,473.26158173204556,525.4671993110384,578.7658581874349,635.5171881206234,698.3591644690174,765.1798736029114,1900.0587475990676,3453.7844063636962,5221.397303622204,7058.8596468911865,8802.216691831487
dormant,0.0,0.0,0.0,0.0,0.0,0.0,0.0,0.0,0.0,0.0,0.0,0.0,0.0,1.8930412165146293,5.511126113309054,10.877648160123124,18.52302783858056,27.73174627530036,38.36280352478349,50.25664586300471,63.46380035848898,78.37847040218543,95.48747701184513,114.44331949341097,645.517091358872,2005.2508018044932,4544.647790569701,8456.286535728124,13824.46629334594
closed,0.0,0.0,0.0,0.0,0.0,0.0,0.0,0.0,0.0,0.0,0.0,0.0,0.0,0.0,0.0,0.0,0.0,0.0,0.0,0.0,0.0,0.0,0.0,0.0,0.0,0.0,0.0,0.0,0.0
holding,49.70103309914693,97.83075858473308,149.1187016558506,216.87429570576518,269.1453124496891,319.8956998075435,368.3988868216864,419.90774893672267,483.50253186736074,562.1872458379646,634.7602611970099,689.149190421793,860.9814407966131,1016.9865179266465,1173.783505530822,1373.1992571712476,1523.540262423488,1665.9187268272015,1802.444735429723,1949.6882872421963,2134.111928889414,2366.607579407968,2583.3999428179704,2747.414705860428,6912.564149615353,13039.094269121066,21089.00642195982,30795.891619147216,41751.03046448274
live_accounts,49.70103309914693,93.85588367190563,138.03263801390545,195.8278234896904,234.4437245330733,269.69181474101083,301.22686387196677,334.66642208275033,378.9660866294468,436.29987645376707,484.5426523857648,512.552991831301,657.6761181820955,777.3354082142121,891.0235174745801,1041.5613945264502,1134.7330658156393,1216.8007561778272,1290.820350172894,1373.9644420681534,1491.8822703434896,1652.711920885159,1789.553301337108,1867.7915127641058,4366.988310657413,7580.059060952875,11322.961327767915,15280.745436527905,19124.34747930531
tier_none,49.70103309914693,93.85588367190563,138.03263801390543,195.8278234896904,234.4437245330733,269.69181474101083,281.7825378052244,295.838816198508,319.028862707042,348.3219701239584,373.9458098131109,379.5153578023512,502.7048005173771,599.4238571829795,685.5970361892486,802.8006205509324,865.1517201530835,923.608141832168,928.3951970519275,947.5160289450159,1000.4349361403325,1079.1182935010872,1152.2867794014628,1169.8293015944028,2434.3300234910043,3701.9701042023607,4970.333470212319,6100.294253445256,6991.658192916782
tier_silver,0.0,0.0,0.0,0.0,0.0,0.0,19.44432606674238,38.8276058842422,59.93722392240484,87.97790632980862,110.59684257265386,133.03763402894984,151.45100889299403,166.670227769534,175.91788879240414,190.0832735608674,200.96377325461305,202.880853412535,254.31949299829748,301.1647616329959,348.6527103269818,410.84148377713956,451.45166291399397,488.08622730980244,1108.6225910172984,1854.1729811599087,2648.366222808155,3410.324007928343,4057.9388837458287
tier_gold,0.0,0.0,0.0,0.0,0.0,0.0,0.0,0.0,0.0,0.0,0.0,0.0,3.520308771724263,11.241323261698595,29.508592492927523,48.67750041465022,68.61757240794287,90.31176093312433,108.10566012266906,125.28365149014178,142.79462387617525,162.752143606932,185.81485902165105,209.87598385990066,824.0356961491103,1889.964818494485,3182.883057309847,4500.019698163353,5780.3611842650025
tier_platinum,0.0,0.0,0.0,0.0,0.0,0.0,0.0,0.0,0.0,0.0,0.0,0.0,0.0,0.0,0.0,0.0,0.0,0.0,0.0,0.0,0.0,0.0,0.0,0.0,0.0,133.9511570961224,521.3785774375924,1220.471354569025,2067.406082568552
tier_sovereign,0.0,0.0,0.0,0.0,0.0,0.0,0.0,0.0,0.0,0.0,0.0,0.0,0.0,0.0,0.0,0.0,0.0,0.0,0.0,0.0,0.0,0.0,0.0,0.0,0.0,0.0,0.0,49.63612242193221,226.9831358091464
inflow_sip,1888.6392577675833,3565.8568650239054,5243.294526969954,7437.608951866658,8902.29801952128,10238.44725337981,11187.32915096672,12212.72887146272,13606.656141604366,15438.316369044413,16977.063986050616,17854.59543321502,22418.024579915727,26176.646145021714,29751.168169542158,34507.844452684236,37436.74848498965,40013.9569166038,42338.3447812489,44956.980636477514,48689.99884557321,53799.03871725785,58141.71536510019,60609.13283041112,1234202.514758007,2296427.4601488113,3593691.6478720554,5027913.893577371,6479233.368905417
inflow_spot,794.5041481119299,1583.7525001854797,2442.7217095514084,3585.4340972962395,4507.693152285371,5426.533609035159,6207.977805167949,7046.335840167151,8065.342252986933,9310.273190932472,10500.326531756693,11469.791080745925,13955.257074214229,16263.628413807664,18605.67031470952,21527.526071779208,23832.034217168268,26051.054745745078,28211.842493480275,30537.45704025615,33380.12166502984,36892.02777730326,40236.64053288589,42919.46643377938,900461.4949086444,1828099.631627608,3086880.8403177196,4632712.19741719,6386328.219587363
collection_events,49.70103309914693,93.85588367190564,138.03263801390545,195.8278234896904,234.4437245330733,269.69181474101083,301.22686387196677,334.6664220827503,378.96608662944675,436.299876453767,484.54265238576477,512.552991831301,657.6761181820955,777.3354082142122,891.0235174745801,1041.5613945264502,1134.733065815639,1216.8007561778272,1290.8203501728938,1373.9644420681534,1491.8822703434896,1652.7119208851589,1789.5533013371082,1867.7915127641063,38947.99394627228,73435.00105465217,115435.63705733405,161783.1725405612,208609.77186879827
spot_events,0.9857371564664142,1.9649534741755332,3.030672096217628,4.44842940111196,5.5926714048205595,6.732671971507642,7.853266798442719,9.057523678440022,10.527024465412138,12.327341297880011,14.045457278562402,15.438906337697452,19.188615777048856,22.66734758224655,26.20008805094346,30.616302404360756,34.10367221995434,37.46838868614767,40.75026902074927,44.27892550075809,48.58582895483644,53.89810921102428,58.95471840889014,63.01246300890415,1357.4835720906603,2801.0315913955956,4751.281785536154,7137.440087021921,9835.836486279803
grams_bought,18.019130747812362,34.583125243524066,51.616820477133416,74.02722251311148,90.05720071551193,105.20098840162746,116.8530546237518,129.40088457848557,145.6391137844877,166.34470414781572,184.706686310012,197.148400942379,244.51915435313535,285.3072928007124,325.1095526105888,376.7528489798334,411.97784831890004,444.2602082923156,474.5196235128507,507.85365910197316,552.1431919764184,610.1946726498372,661.9569447162382,696.6877505239779,14520.029880847143,28074.8452813268,45501.75892216846,66177.03622175295,88177.09443329231
grams_withdrawn,0.0,0.18897673960150665,0.569519835274645,1.1494437380042921,2.0215250430583045,3.110495354985505,4.409275008276497,5.860782633800496,7.442183610224312,9.187279375820534,11.237116849040966,13.61312756725236,15.600691134180448,18.396734515833067,21.7696292650697,25.50733099105906,30.198252058046467,35.38395597629883,41.00663052377808,46.92756535331885,53.01022697225291,59.36058042130248,66.65309177132207,75.0306388223238,1801.8928901693837,4626.306376995356,9355.140387160676,16180.973116191837,25025.272753406
grams_redeemed,0.0,0.12598449306767112,0.3796798901830968,0.7662958253361948,1.3476833620388697,2.0736635699903365,2.939516672184331,3.907188422533664,4.961455740149542,6.12485291721369,7.491411232693977,9.07541837816824,10.4004607561203,12.264489677222045,14.513086176713133,17.004887327372707,20.132168038697646,23.589303984199223,27.33775368251872,31.285043568879228,35.340151314835275,39.57372028086832,44.435394514214714,50.02042588154919,1201.261926779589,3084.2042513302376,6236.760258107118,10787.315410794557,16683.515168937334
grams_closing,18.019130747812362,52.28729475866725,102.95491551034293,175.06639846011393,261.75439077052863,361.7712202471802,471.2754831904712,590.9083967126227,724.1438711467365,875.176443001518,1041.154601229795,1215.6144562267532,1434.1324586895878,1688.7785272972453,1977.6053644660515,2311.845995127453,2673.4934233496097,3058.7803716814274,3464.955610987981,3894.5966611677563,4358.3894748570865,4869.649846804753,5420.518305235455,5992.154991055561,17509.030054953724,37873.36470795494,67783.22298485563,106991.97067962225,153460.27719057119
grams_recycled,0.0,0.12598449306767112,0.3796798901830968,0.7662958253361948,1.3476833620388697,2.0736635699903365,2.939516672184331,3.907188422533664,4.961455740149542,6.12485291721369,7.491411232693977,9.07541837816824,10.4004607561203,12.264489677222045,14.513086176713133,17.004887327372707,20.132168038697646,23.589303984199223,27.33775368251872,31.285043568879228,19.01173330430646,12.038832818899635,10.232990828602567,5.8141700016752225,180.80873388695483,233.56913723699626,272.67787793857474,288.82442060471294,1180.9033152930215
grams_sold_back,0.0,0.0,0.0,0.0,0.0,0.0,0.0,0.0,0.0,0.0,0.0,0.0,0.0,0.0,0.0,0.0,0.0,0.0,0.0,0.0,16.328418010528814,27.534887461968687,34.20240368561215,44.206255879873964,1020.4531928926342,2850.635114093241,5964.082380168543,10498.490990189846,15502.61185364431
net_new_gram_share,1.0,0.9963570529794366,0.9926442604043909,0.9896484590489603,0.985035251469828,0.9802885543045121,0.9748443317836312,0.9698055509028315,0.9659332193720201,0.9631797540619562,0.9594415806901524,0.9539665635897258,0.9574656603748108,0.9570130522888918,0.9553593979008771,0.9548646085267348,0.9511328870694185,0.9469020552732513,0.9423885708242403,0.9383975225772717,0.9655673861770291,0.9802705048757313,0.9845413045209621,0.991654553998829,0.9875468958505419,0.9916801107335246,0.9940071206822629,0.9956354611809526,0.9866047055489182
aum_usd,2548.9862355855366,7396.56071656107,14564.002348093112,24764.892726167716,37027.77611839898,51176.15681616612,66666.62985212407,83589.9017989676,102437.39201241735,123802.45962699475,147281.7298899668,171960.82097783653,202872.3776062291,238894.61047146833,279752.05485736765,327033.73447072954,378192.3796670358,432695.07137805474,490152.6207303598,550929.6436887908,616537.7751132835,688860.6673290004,766786.5194586075,847650.2450347197,2476827.391573754,5357566.171587306,9588614.723437678,15135084.172339363,21708490.8113782
float_grams,200.0,200.0,200.0,200.0,200.0,200.0,200.0,200.0,200.0,200.0,200.0,200.0,200.0,200.0,200.0,200.0,200.0,200.0,200.0,205.93567236080284,214.73207701958907,226.7709098384887,237.00390066709127,242.8180706687665,423.6268045557213,657.1959417927176,929.8738197312923,1218.6982403360053,2399.6015556290267
float_usd,28716.379999999997,28716.379999999997,28716.379999999997,28716.379999999997,28716.379999999997,28716.379999999997,28716.379999999997,28716.379999999997,28716.379999999997,28716.379999999997,28716.379999999997,28716.379999999997,28716.379999999997,28716.379999999997,28716.379999999997,28716.379999999997,28716.379999999997,28716.379999999997,28716.379999999997,29568.635115341556,30831.639609418933,32560.1980993389,34029.47036519223,34864.27994095576,60825.141489039124,94361.44199488779,133513.0497972764,174983.00887410025,342672.3886018453
fee_applied,0.05,0.05,0.05,0.05,0.05,0.05,0.04974179824711774,0.04953592469011257,0.04936736055243897,0.04919341800373733,0.049087000147226646,0.04896176484266636,0.04903605059052754,0.04902666019175699,0.04894532492500699,0.048896125467396565,0.04880782915997111,0.04873930263987201,0.048541916965654866,0.04839375154779759,0.048299485232347984,0.04821784846666652,0.04816025288468958,0.048055804004192924,0.03778607891300448,0.03710958247434066,0.03650789980813624,0.030973411479440074,0.030471255161522808
pricegap_rate,0.10983696685296264,0.057229260014240016,0.038343444024093856,0.02673566020008547,0.021976773105781916,0.01881319459766643,0.016941830004868114,0.015302318038080496,0.013598576742552916,0.01190808601916984,0.010725484763276238,0.010049940284105404,0.008102330060171272,0.0069440722614746014,0.006094449980002532,0.005259326931811257,0.0048100895812795965,0.004460883694981479,0.00417728633640207,0.003903709232132718,0.0035909333567416724,0.0032495850443109244,0.002995662314573874,0.00284663692378643,0.0016567010002441836,0.0008574316330837441,0.0005293707996211388,0.00036607358225950327,0.0027488112164206777
bar_grams,100.0,100.0,100.0,100.0,100.0,100.0,100.0,100.0,100.0,100.0,100.0,100.0,100.0,100.0,100.0,100.0,100.0,100.0,100.0,100.0,100.0,100.0,100.0,100.0,100.0,100.0,100.0,100.0,1000.0
fab_premium,0.015,0.015,0.015,0.015,0.015,0.015,0.015,0.015,0.015,0.015,0.015,0.015,0.015,0.015,0.015,0.015,0.015,0.015,0.015,0.015,0.015,0.015,0.015,0.015,0.015000000000000001,0.015000000000000005,0.015000000000000001,0.015,0.009499999999999998
gross_entry_fee,134.15717029397567,257.48046826046925,384.3008118260681,551.1521524581449,670.4995585903325,783.2490431207485,865.2738490587344,954.0155791573019,1069.889358637667,1217.4677112268726,1348.7826723930116,1435.7737166520126,1783.6020793354237,2080.704919240597,2366.841171957781,2739.91250777622,2990.3962789663165,3219.9625973178954,3424.6413326013044,3653.4590601685386,3963.944573618891,4372.928101515125,4737.926498427002,4975.150075068571,80660.58272201463,153059.47827992943,243893.67105982368,299222.5470653892,392029.80995925027
stream1_net,-198.78595657314065,-110.34247203125733,-19.1276101187146,100.99145878602172,187.5585003846656,269.71483922716476,328.85237954597,393.0221719506539,476.67710270005256,582.7888755673249,678.0412468731176,741.9933216156788,992.1172900585823,1206.6270619595284,1413.0781964984076,1681.8549746125252,1864.2305966464178,2032.6326721331698,2181.0577896749915,2347.5197815355286,2537.984598129202,2808.9928916445215,3060.3251073394977,3214.477091224966,46697.689370279826,90446.57442978522,144385.5839920721,155877.85044453302,239753.2386015047
stream1_sip,-139.92355408743077,-76.40685603350988,-13.048592451954079,68.14225206042605,124.51176478245529,176.28244676038673,211.49266416146557,249.22670432735273,299.27934235333606,363.54714338623535,418.93168952438907,451.7738355852104,611.4738286796107,744.2329239915492,869.3853522791578,1035.7242097750539,1139.0912123053486,1231.1157467996134,1308.8891788124993,1397.949367000395,1505.7181149993357,1666.328594152641,1808.6554678765992,1881.863276302975,26998.17769179132,50361.6574059802,77675.18587099154,81135.34465336359,120751.39820032023
stream1_spot,-58.862402485709865,-33.93561599774745,-6.079017666760521,32.84920672559568,63.04673560221029,93.43239246677801,117.35971538450444,143.79546762330116,177.3977603467165,219.24173218108956,259.1095573487285,290.21948603046843,380.6434613789715,462.3941379679791,543.6928442192498,646.1307648374714,725.1393843410693,801.5169253335563,872.1686108624921,949.5704145351336,1032.2664831298664,1142.6642974918802,1251.6696394628982,1332.6138149219908,19699.511678488507,40084.91702380502,66710.3981210806,74742.50579116946,119001.84040118447
stream1a_gross_margin_pct,0.03575000000000007,0.035801911995043054,0.03585481928923756,0.035897509458552336,0.03596324766655503,0.03603088810116074,0.03584649092147215,0.035709444647573696,0.03559364586451339,0.035456453256622555,0.035401818072063246,0.035352884687134135,0.03537832070331782,0.03537525171312822,0.03531633959875013,0.03527349403503896,0.035237176825837435,0.03522804199840739,0.03509226861960623,0.034998977357548526,0.03451552055533497,0.03422278891343712,0.03410336968989242,0.03389580704751298,0.023536240688807854,0.022789417909726134,0.02214433592989286,0.01650338836659187,0.021387434568851116
stream1a_net_pct,-0.07408696685296257,-0.021427348019196966,-0.002488624734856298,0.009161849258466864,0.013986474560773118,0.01721769350349431,0.018904660916604036,0.0204071266094932,0.021995069121960475,0.02354836723745271,0.024676333308787005,0.025302944403028733,0.02727599064314655,0.028431179451653618,0.029221889618747592,0.030014167103227705,0.030427087244557838,0.030767158303425916,0.030914982283204162,0.03109526812541581,0.030924587198593298,0.0309732038691262,0.031107707375318552,0.03104917012372655,0.021874998121426546,0.021930436854607504,0.021614315718207374,0.016136979743627954,0.018636679885589556
stream1b_gross_margin_pct,0.03575000000000002,0.03580191199504313,0.03585481928923739,0.03589750945855242,0.03596324766655498,0.0360308881011607,0.03584649092147225,0.03570944464757376,0.03559364586451345,0.03545645325662266,0.03540181807206333,0.035352884687134094,0.035378320703317784,0.03537525171312826,0.035316339598750086,0.03527349403503892,0.03523717682583755,0.03522804199840749,0.03509226861960634,0.03499897735754859,0.03451552055533491,0.034222788913437115,0.034103369689892485,0.03389580704751306,0.0235276045050131,0.022782581769901618,0.0221395552495991,0.016499348875515577,0.02138068294844792
stream1b_net_pct,-0.07408696685296264,-0.021427348019196883,-0.0024886247348564717,0.009161849258466952,0.013986474560773066,0.017217693503494277,0.018904660916604137,0.020407126609493266,0.021995069121960534,0.023548367237452822,0.02467633330878709,0.025302944403028684,0.02727599064314651,0.02843117945165366,0.029221889618747558,0.030014167103227664,0.030427087244557956,0.030767158303426013,0.03091498228320427,0.031095268125415874,0.030924587198593236,0.030973203869126192,0.03110770737531861,0.03104917012372663,0.02187712832794378,0.02192709649425196,0.021610940483926932,0.01613363891519952,0.018633843471464025
cor_premium,38.23479353378306,73.11460695839344,108.72008861144988,155.45236033879036,188.23272487233453,218.82587056025082,241.71313617943107,266.28507387331433,298.5039226042812,339.97050232621444,376.03309218656113,399.0720617029988,496.77645594350633,579.3695239477343,659.0546421260408,763.3491998303562,831.4573489865614,892.6215918513924,948.8752095929816,1011.2309452996722,1131.2516421563544,1269.2268765372664,1382.8930577541742,1465.9646505102744,30426.39335173482,59076.40385014417,95971.58706775139,139808.1966208564,116911.57135774572
cor_pricegap,294.70833333333337,294.70833333333337,294.70833333333337,294.70833333333326,294.7083333333333,294.7083333333333,294.70833333333337,294.7083333333333,294.70833333333337,294.70833333333337,294.70833333333326,294.70833333333337,294.70833333333337,294.7083333333333,294.70833333333337,294.7083333333333,294.70833333333337,294.70833333333337,294.70833333333337,294.7083333333333,294.70833333333337,294.70833333333337,294.7083333333333,294.70833333333337,3536.5000000000005,3536.500000000001,3536.500000000001,3536.500000000001,35364.99999999999
rail_passthrough_usd,12.671692563903337,23.955209286520294,35.26582752753077,50.069063222700585,60.00909898447346,69.10612167812963,77.27003266760238,85.93098644029757,97.37327777371472,112.15680443791176,124.6470274160818,131.9979745422496,169.2161834897861,200.00068894911468,229.3059013813809,268.04442423270274,292.2091845088984,313.5672862159937,332.8926547984108,354.56084189222787,385.1170248245815,426.6525075240458,462.1270049364996,482.7009939432526,10076.369379590737,19059.00816151194,30046.72971071755,42230.15315689579,54611.40208876951
floatcoc_memo,191.44253333333333,191.44253333333333,191.44253333333333,191.44253333333333,191.44253333333333,191.44253333333333,191.44253333333333,191.44253333333333,191.44253333333333,191.44253333333333,191.44253333333333,191.44253333333333,191.44253333333333,191.44253333333333,191.44253333333333,191.44253333333333,191.44253333333333,191.44253333333333,191.44253333333333,197.12423410227703,205.54426406279288,217.06798732892602,226.8631357679482,232.4285329397051,3932.4675388430596,6328.3749156689855,9254.426361311413,12489.394315513402,25959.389790911162
float_interest_expense,0.0,0.0,0.0,0.0,0.0,0.0,0.0,0.0,0.0,0.0,0.0,0.0,0.0,0.0,0.0,0.0,0.0,0.0,0.0,0.0,0.0,0.0,0.0,0.0,0.0,0.0,0.0,0.0,0.0
cost_of_revenue,332.94312686711646,367.8229402917268,403.4284219447833,450.1606936721236,482.94105820566784,513.5342038935842,536.4214695127645,560.9934072066476,593.2122559376146,634.6788356595478,670.7414255198944,693.7803950363322,791.4847892768397,874.0778572810675,953.7629754593742,1058.0575331636894,1126.1656823198948,1187.3299251847257,1243.583542926315,1305.9392786330054,1425.9599754896876,1563.9352098706,1677.6013910875074,1760.6729838436077,33962.89335173482,62612.90385014416,99508.0870677514,143344.6966208564,152276.5713577457
gross_profit,-172.2787389202624,-60.28600073957455,54.48979682203441,205.43296464718952,312.5951534689704,413.5504737557035,488.4696762207926,569.4401247476283,675.5956969598958,810.7899880050775,930.5654965416502,1008.259576777497,1334.4249996790913,1611.1177930448196,1875.7608685500095,2222.0243437258287,2451.3842894510026,3942.752175487869,4545.728953496125,5060.760921190155,5266.764860444553,6268.879786882653,7029.794762830682,10890.719223629669,260254.97682586525,661755.5880507147,1283644.7334882724,2085598.1455150626,3185554.5517578702
stream2,0.0,0.0,0.0,0.0,0.0,0.0,0.0,0.0,0.0,0.0,0.0,0.0,0.0,0.0,0.0,0.0,0.0,535.3964311537738,682.4141522595706,838.8367256140908,1009.304876005504,1267.026872412496,1517.4345913751022,1725.1625826503039,59110.454531931915,195019.17054913094,433516.28663868824,795502.783801779,1298580.6328744
stream2_gross,0.0,0.0,0.0,0.0,0.0,0.0,0.0,0.0,0.0,0.0,0.0,0.0,0.0,0.0,0.0,0.0,0.0,1236.2027268764134,1575.659057092299,1936.8307057511688,2330.432866873752,2925.499655137141,3503.6781542828844,3983.3113649667434,107622.7677097053,322416.04360194784,713903.672180899,1304279.522389808,2119483.0613912907
stream2_processor_fees,0.0,0.0,0.0,0.0,0.0,0.0,0.0,0.0,0.0,0.0,0.0,0.0,0.0,0.0,0.0,0.0,0.0,144.51506862825366,184.19832914119388,226.4201625490522,272.4332007750597,341.99793791293155,409.58839348048434,465.6586680814051,12581.36009846025,37120.38084427144,80494.35733155903,143578.47231888276,227447.17132732898
stream3,26.507217652878367,50.056471291683,73.61740694074956,104.44150586116821,125.03665308430577,143.83563452853912,159.6172966748227,176.41795279697388,198.91859425984342,228.00111243775262,252.52424966853297,266.2662551618166,342.3077096205073,404.4907310852901,462.6826720516023,540.1693691132979,587.153692804581,628.5068366133061,663.342543385883,703.3553256569737,761.8443064189635,842.1745833525646,910.5307537287351,947.7374364059443,19623.334195046766,36317.10953125907,56088.33665936276,77301.60899809356,98022.11873236655
stream4,0.0,0.0,0.0,0.0,0.0,0.0,0.0,0.0,0.0,0.0,0.0,0.0,0.0,0.0,0.0,0.0,0.0,746.2162355876185,1018.9144681756812,1171.049088383557,957.6310798908825,1350.6854394730672,1541.504310387349,1449.673165025487,48678.58768999689,141797.04330377883,302913.70096111996,532337.7131342068,830753.7332319479
stream5,0.0,0.0,0.0,0.0,0.0,0.0,0.0,0.0,0.0,0.0,0.0,0.0,0.0,0.0,0.0,0.0,0.0,0.0,0.0,0.0,0.0,0.0,0.0,7.002281656304092,224.9110386098761,735.6902367606396,1700.8252370293712,3138.18913645058,5004.828317650795
stream5_peak_drawn,0.0,0.0,0.0,0.0,0.0,0.0,0.0,0.0,0.0,0.0,0.0,0.0,0.0,0.0,0.0,0.0,0.0,0.0,0.0,0.0,0.0,0.0,0.0,2913.8536291890027,13286.63811078853,38164.857442464694,78990.62137128375,136367.73647714604,206629.72796817118
stream5_avg_drawn,0.0,0.0,0.0,0.0,0.0,0.0,0.0,0.0,0.0,0.0,0.0,0.0,0.0,0.0,0.0,0.0,0.0,0.0,0.0,0.0,0.0,0.0,0.0,1223.818524259381,5580.388006531182,16029.240125835171,33176.060975939174,57274.449320401334,86784.4857466319
stream6,0.0,0.0,0.0,0.0,0.0,0.0,0.0,0.0,0.0,0.0,0.0,0.0,0.0,0.0,0.0,0.0,0.0,0.0,0.0,0.0,0.0,0.0,0.0,3546.6666666666674,85920.0,197440.0,345040.0,521440.00000000006,713440.0
partner_aum,0.0,0.0,0.0,0.0,0.0,0.0,0.0,0.0,0.0,0.0,0.0,0.0,0.0,0.0,0.0,0.0,0.0,0.0,0.0,0.0,0.0,0.0,0.0,7093333.333333334,21840000.0,43653333.333333336,70453333.33333333,102053333.33333333,134053333.33333333
revenue,160.66438794685405,307.53693955215226,457.9182187668177,655.5936583193131,795.5362116746383,927.0846776492876,1024.891145733557,1130.4335319542758,1268.8079528975104,1445.4688236646252,1601.3069220615446,1702.0399718138292,2125.909788955931,2485.195650325887,2829.5238440093835,3280.081876889518,3577.5499717708976,5130.082100672595,5789.31249642244,6366.700199823161,6692.72483593424,7832.814996753253,8707.39615391819,12651.392207473276,294217.87017760007,724368.4919008589,1383152.820556024,2228942.842135919,3337831.1231156155
cost_vault,750.0,750.0,750.0,750.0,750.0,750.0,750.0,750.0,750.0,750.0,750.0,750.0,750.0,750.0,750.0,750.0,750.0,750.0,750.0,750.0,750.0,750.0,750.0,750.0,9000.0,10365.50717187459,18862.128215418525,31257.18037913407,46582.88521466771
cost_screening,300.4910309929744,301.934922757542,303.47356104967554,305.50622887117294,307.07435937349067,308.5968709942263,310.0519666046506,311.59723246810165,313.50507595602085,315.8656173751389,318.0428078359103,319.6744757126538,343.71910641731534,329.5095955377994,334.21350516592463,410.115118249925,344.7062078727046,348.97756180481605,353.0733420628917,357.4906486172659,405.207094914034,501.11518084156387,478.5678705930441,385.8497528043598,9481.418424427542,14984.087730290616,21120.20964483072,27409.11999248589,33463.36014581118
cost_rewards,0.0,0.0,0.0,0.0,0.0,0.0,0.0,0.0,0.0,0.0,0.0,0.0,0.0,0.0,0.0,0.0,0.0,0.0,0.0,0.0,0.0,0.0,0.0,0.0,6127.1041127716935,30419.243979090275,77923.49081155247,164442.9642452116,306078.97897948604
cost_redemption,0.0,0.0005291348708842188,0.0015946555387690066,0.0032184424664120186,0.005660270120563253,0.008709386993959414,0.012345970023174191,0.01641019137464139,0.020838114108628077,0.025724382252297496,0.03146392717731471,0.038116757188306614,0.04368193517570526,0.051510856644332595,0.060954961942195164,0.07142052677496538,0.08455510576253013,0.09907507673363675,0.11481856546657863,0.13139718298929276,34.7956988120634,58.592487330731004,72.76070903746012,94.01134014020707,2170.344930091355,6061.7163064500355,12681.380795563684,22322.05475680917,32965.06285595741
cost_card_fixed,0.0,0.0,0.0,0.0,0.0,0.0,0.0,0.0,0.0,0.0,0.0,0.0,0.0,0.0,75000.0,0.0,0.0,23000.0,11000.0,11000.0,23000.0,11000.0,11000.0,23000.0,180000.0,180000.0,180000.0,180000.0,180000.0
cost_card_variable,0.0,0.0,0.0,0.0,0.0,0.0,0.0,0.0,0.0,0.0,0.0,0.0,0.0,0.0,0.0,0.0,0.0,361.82264423001675,441.95972604283395,522.1290158158292,605.3472943122842,710.2903473521593,824.8250935046826,937.7388631004051,27631.306224066644,83338.4925302545,186328.6310871005,344471.0145732092,569037.9829572287
cost_acquisition,5254.772,5461.016,5691.524,6091.88,5928.098,5979.659,5970.56,6031.22,6273.860000000001,6577.16,6455.84,6091.88,16821.514434199526,16440.962673105616,16482.05836441397,17597.152195228526,16365.26231004923,16173.774797044776,16071.040583523853,16393.550822203,17426.247688054624,18790.264112281602,18415.57620652277,17008.807344566885,397442.1953131056,572958.1205215624,767076.6888287996,967119.4653039818,1169505.7406979827
cost_opex,100672.93552155573,52516.12480787372,58851.92230608427,65277.497587223384,71662.09399701473,78060.55798656371,84467.42079241709,90909.78858415049,97442.96365871717,104093.16796740524,110728.43143116706,117260.34090904742,146162.45020979576,92322.21385330404,92914.45298939773,93694.32366448738,94191.21600556393,94634.14536762242,95037.91979994641,95488.24120341237,96114.01973643825,96957.47411156869,97685.14168953446,98122.33296792547,1481845.6568482325,1690769.1342585115,1954549.7818790153,2259853.9913638467,2589466.073262038
cost_oneoff,127380.0,12500.0,12500.0,12500.0,12500.0,12500.0,12500.0,12500.0,12500.0,12500.0,12500.0,12500.0,0.0,0.0,0.0,0.0,0.0,0.0,0.0,0.0,0.0,0.0,0.0,0.0,0.0,0.0,0.0,0.0,0.0
cost_family,0.9542598355036213,1.8020329665005879,2.6502266498669846,3.759894211002056,4.501319511035008,5.178082843027409,5.783555786341764,6.425595303988804,7.276148863285379,8.37695762791233,9.303218925806682,9.84101744316098,12.627381469096234,14.924839837712874,17.107651535511938,19.997978774907846,21.786874863660273,23.36257451861428,24.783750723319567,26.38011728770855,28.644139590595,31.73206888099505,34.35942338567247,35.86159704507084,747.801483768428,1409.9520202493218,2216.3642315008137,3106.236912778775,4005.3076198809263
cost_vat,4.721598144418959,8.914642162559764,13.108236317424886,18.594022379666647,22.255745048803206,25.59611813344953,27.823893477574273,30.248440881877045,33.58623498278204,37.97317752081711,41.66765711913715,43.70962514810093,52.629539917964046,59.90185012305858,66.74964277128893,76.0532600513723,81.61360721803922,86.50398474267114,90.65795091051761,95.48242487488206,102.6366595041381,112.5637251942567,120.9995763857485,125.55733719732767,1823.0442472634006,3153.2845567001705,4768.354243937565,5614.9347907249,7080.035393368579
operating_cost,234363.87441052863,71539.79293489519,78112.67992475678,84947.2409511277,91174.02908121819,97629.59676792141,104031.65255425568,110539.29626299582,117321.21195663336,124282.56944431138,130803.3165789751,136975.48414410852,164142.98435373482,109917.56432276487,185564.64310824638,112547.71363731888,111754.66956067331,135378.68600504004,123769.5499717753,124633.40562939405,138466.898311626,128912.03203345,129382.23056896383,140460.1592027797,2116268.8715837267,2593459.539074983,3225527.0297377193,4005596.962318183,4938185.427126421
total_cost,234696.81753739575,71907.61587518691,78516.10834670157,85397.40164479981,91656.97013942387,98143.13097181499,104568.07402376844,111100.28967020247,117914.42421257097,124917.24827997093,131474.058004495,137669.26453914485,164934.46914301167,110791.64218004594,186518.40608370575,113605.77117048258,112880.83524299321,136566.01593022476,125013.1335147016,125939.34490802705,139892.85828711567,130475.9672433206,131059.83196005134,142220.8321866233,2150231.764935462,2656072.4429251277,3325035.116805471,4148941.6589390384,5090461.998484166
ebitda,-234536.1531494489,-71600.07893563475,-78058.19012793475,-84741.8079864805,-90861.43392774923,-97216.0462941657,-103543.18287803487,-109969.8561382482,-116645.61625967346,-123471.7794563063,-129872.75108243345,-135967.22456733102,-162808.55935405573,-108306.44652972005,-183688.88223969637,-110325.68929359307,-109303.28527122231,-131435.93382955217,-119223.82101827917,-119572.6447082039,-133200.13345118143,-122643.15224656735,-122352.43580613314,-129569.43997915002,-1856013.894757862,-1931703.9510242685,-1941882.2962494472,-1919998.8168031196,-1752630.8753685514
tax,0.0,0.0,0.0,0.0,0.0,0.0,0.0,0.0,0.0,0.0,0.0,0.0,0.0,0.0,0.0,0.0,0.0,0.0,0.0,0.0,0.0,0.0,0.0,0.0,0.0,0.0,0.0,0.0,0.0
net_profit,-234536.1531494489,-71600.07893563475,-78058.19012793475,-84741.8079864805,-90861.43392774923,-97216.0462941657,-103543.18287803487,-109969.8561382482,-116645.61625967346,-123471.7794563063,-129872.75108243345,-135967.22456733102,-162808.55935405573,-108306.44652972005,-183688.88223969637,-110325.68929359307,-109303.28527122231,-131435.93382955217,-119223.82101827917,-119572.6447082039,-133200.13345118143,-122643.15224656735,-122352.43580613314,-129569.43997915002,-1856013.894757862,-1931703.9510242685,-1941882.2962494472,-1919998.8168031196,-1752630.8753685514
gold_px,141.46,141.46,141.46,141.46,141.46,141.46,141.46,141.46,141.46,141.46,141.46,141.46,141.46,141.46,141.46,141.46,141.46,141.46,141.46,141.46,141.46,141.46,141.46,141.46,141.46,141.46,141.46,141.46,141.46
margin_call_usd,0.0,0.0,0.0,0.0,0.0,0.0,0.0,0.0,0.0,0.0,0.0,0.0,0.0,0.0,0.0,0.0,0.0,0.0,0.0,0.0,0.0,0.0,0.0,0.0,0.0,0.0,0.0,0.0,0.0
grams_liquidated,0.0,0.0,0.0,0.0,0.0,0.0,0.0,0.0,0.0,0.0,0.0,0.0,0.0,0.0,0.0,0.0,0.0,0.0,0.0,0.0,0.0,0.0,0.0,0.0,0.0,0.0,0.0,0.0,0.0
active_cards,0.0,0.0,0.0,0.0,0.0,0.0,0.0,0.0,0.0,0.0,0.0,0.0,0.0,0.0,0.0,0.0,0.0,60.310783177289295,72.60122311516947,84.5458418541241,96.6408616033633,110.28883841967595,126.34281864031165,143.63841746043326,594.5384068493042,1568.5153894595,3087.154103930857,5188.556278552212,7870.506397472113
card_spend,0.0,0.0,0.0,0.0,0.0,0.0,0.0,0.0,0.0,0.0,0.0,0.0,0.0,0.0,0.0,0.0,0.0,68677.92927091186,87536.6142829055,107601.70587506494,129468.49260409735,162527.75861873006,194648.78634904916,221295.07583148577,5979042.650539184,17912002.422330435,39661315.12116106,72459973.46610045,117749058.96618281
card_spend_R1,0.0,0.0,0.0,0.0,0.0,0.0,0.0,0.0,0.0,0.0,0.0,0.0,0.0,0.0,0.0,0.0,0.0,68677.92927091186,86581.26735091387,104255.57019836371,119841.13318435872,144205.03383690727,166038.1488910629,182563.18561270737,3786567.250442696,9231288.386486068,18416190.060404252,32298093.58186635,51565392.92339939
card_spend_R2,0.0,0.0,0.0,0.0,0.0,0.0,0.0,0.0,0.0,0.0,0.0,0.0,0.0,0.0,0.0,0.0,0.0,0.0,955.3469319916239,3346.135676701235,9627.359419738632,18322.72478182278,28610.63745798625,38731.89021877837,1552601.7456532526,4928088.761458603,10986560.317292085,20077862.362071905,32426938.96668032
card_spend_R3,0.0,0.0,0.0,0.0,0.0,0.0,0.0,0.0,0.0,0.0,0.0,0.0,0.0,0.0,0.0,0.0,0.0,0.0,0.0,0.0,0.0,0.0,0.0,0.0,330944.3225547615,1823619.8259970557,4902699.439511536,9604398.56172302,16124571.59164403
card_spend_R4,0.0,0.0,0.0,0.0,0.0,0.0,0.0,0.0,0.0,0.0,0.0,0.0,0.0,0.0,0.0,0.0,0.0,0.0,0.0,0.0,0.0,0.0,0.0,0.0,308929.3318884742,1929005.4483887071,5355865.303953186,10479618.960439172,17632155.484459084
live_R1,49.70103309914693,93.85588367190563,138.03263801390545,195.8278234896904,234.4437245330733,269.69181474101083,280.7552823560363,294.092984120215,314.6363762592097,343.45081837264945,367.5976600087209,380.51711126990665,441.5803022185262,491.7694866637988,539.9343121262139,605.8153927853292,645.6187385908378,680.6343146151847,712.388931699503,748.7188331208564,801.6208276492534,875.0604200166298,937.4786614572766,972.4714615945044,17194.47154334921,29456.30770647254,44955.53071937149,62462.80477304378,80461.49534814012
live_R2,0.0,0.0,0.0,0.0,0.0,0.0,20.471581515930495,40.57343796253525,64.3297103702371,92.84905808111759,116.94499237704389,132.03588056139438,181.90751978403188,223.0867268113869,262.1796507651727,313.6484200638441,345.65244372606315,373.8731903133859,399.2690294261591,427.70312248795057,467.75519741252583,522.0560511831951,568.2608587180839,594.8553555720808,12108.744829313006,22599.667189719694,35297.22491741296,49010.28077758705,62382.29387878993
live_R3,0.0,0.0,0.0,0.0,0.0,0.0,0.0,0.0,0.0,0.0,0.0,0.0,18.319081101982814,33.48217823904255,47.654592300231585,65.46166841246743,76.93134964915528,87.04373455479089,96.1252541536803,106.03667232987512,119.51155022128776,137.39818071836652,152.66921287014202,161.69945631582877,4835.580811847192,10612.835222621768,17497.808523750777,25005.586450534433,32532.8312431799
live_R4,0.0,0.0,0.0,0.0,0.0,0.0,0.0,0.0,0.0,0.0,0.0,0.0,15.869215077554584,28.997016499983925,41.25496228296201,56.63591326480948,66.53053384958298,75.24951669446591,83.03713489355148,91.50581412947147,102.99469506042264,118.1972689669678,131.1445682916054,138.76523928169198,4809.196761762885,10766.19093583817,17685.072896798818,25304.500539395925,33233.151398688315
